5,2.005687,1.049600e-05,,,,,,,,,,80.078125,7.275958,"Tesla K40c (0)","1","7","[CUDA memcpy HtoD]"
5,2.005757,4.025700e-05,,,,,,,,,,390.625000,9.253770,"Tesla K40c (0)","1","7","[CUDA memcpy HtoD]"
5,2.005817,1.145600e-05,,,,,,,,,,97.656250,8.129562,"Tesla K40c (0)","1","7","[CUDA memcpy HtoD]"
5,2.005886,3.980800e-05,,,,,,,,,,390.625000,9.358145,"Tesla K40c (0)","1","7","[CUDA memcpy HtoD]"
5,2.005931,2.369224e-03,125,1,1,128,1,1,58,7.200000e+03,0.000000,,,"Tesla K40c (0)","1","7","kernel_gpu_cuda(par_str, dim_str, box_str*, FOUR_VECTOR*, double*, FOUR_VECTOR*) [108]"
5,2.008312,4.022400e-05,,,,,,,,,,390.625000,9.261362,"Tesla K40c (0)","1","7","[CUDA memcpy DtoH]"
6,2.007168,1.619200e-05,,,,,,,,,,138.375000,8.149993,"Tesla K40c (0)","1","7","[CUDA memcpy HtoD]"
6,2.007294,6.784000e-05,,,,,,,,,,675.000000,9.488947,"Tesla K40c (0)","1","7","[CUDA memcpy HtoD]"
6,2.007395,1.859200e-05,,,,,,,,,,168.750000,8.656010,"Tesla K40c (0)","1","7","[CUDA memcpy HtoD]"
6,2.007520,6.764900e-05,,,,,,,,,,675.000000,9.515738,"Tesla K40c (0)","1","7","[CUDA memcpy HtoD]"
6,2.007593,3.708461e-03,216,1,1,128,1,1,58,7.200000e+03,0.000000,,,"Tesla K40c (0)","1","7","kernel_gpu_cuda(par_str, dim_str, box_str*, FOUR_VECTOR*, double*, FOUR_VECTOR*) [108]"
6,2.011315,6.796800e-05,,,,,,,,,,675.000000,9.471077,"Tesla K40c (0)","1","7","[CUDA memcpy DtoH]"
7,2.008377,2.400000e-05,,,,,,,,,,0.214584,8.731460,"Tesla K40c (0)","1","7","[CUDA memcpy HtoD]"
7,2.008566,1.106250e-04,,,,,,,,,,1.046753,9.240404,"Tesla K40c (0)","1","7","[CUDA memcpy HtoD]"
7,2.008726,2.819200e-05,,,,,,,,,,0.261688,9.064803,"Tesla K40c (0)","1","7","[CUDA memcpy HtoD]"
7,2.008910,1.098240e-04,,,,,,,,,,1.046753,9.307798,"Tesla K40c (0)","1","7","[CUDA memcpy HtoD]"
7,2.009026,5.865715e-03,343,1,1,128,1,1,58,7.200000e+03,0.000000,,,"Tesla K40c (0)","1","7","kernel_gpu_cuda(par_str, dim_str, box_str*, FOUR_VECTOR*, double*, FOUR_VECTOR*) [108]"
7,2.014905,1.142730e-04,,,,,,,,,,1.046753,8.945417,"Tesla K40c (0)","1","7","[CUDA memcpy DtoH]"
8,2.012027,3.449600e-05,,,,,,,,,,0.320312,9.067868,"Tesla K40c (0)","1","7","[CUDA memcpy HtoD]"
8,2.012231,1.998410e-04,,,,,,,,,,1.562500,7.635465,"Tesla K40c (0)","1","7","[CUDA memcpy HtoD]"
8,2.012500,4.156800e-05,,,,,,,,,,0.390625,9.177005,"Tesla K40c (0)","1","7","[CUDA memcpy HtoD]"
8,2.012702,1.926720e-04,,,,,,,,,,1.562500,7.919567,"Tesla K40c (0)","1","7","[CUDA memcpy HtoD]"
8,2.012900,8.898041e-03,512,1,1,128,1,1,58,7.200000e+03,0.000000,,,"Tesla K40c (0)","1","7","kernel_gpu_cuda(par_str, dim_str, box_str*, FOUR_VECTOR*, double*, FOUR_VECTOR*) [108]"
8,2.021814,2.133130e-04,,,,,,,,,,1.562500,7.153239,"Tesla K40c (0)","1","7","[CUDA memcpy DtoH]"
9,2.014781,4.800000e-05,,,,,,,,,,0.456070,9.278767,"Tesla K40c (0)","1","7","[CUDA memcpy HtoD]"
9,2.015002,3.499210e-04,,,,,,,,,,2.224731,6.208799,"Tesla K40c (0)","1","7","[CUDA memcpy HtoD]"
9,2.015446,5.772800e-05,,,,,,,,,,0.556183,9.408733,"Tesla K40c (0)","1","7","[CUDA memcpy HtoD]"
9,2.015683,3.473930e-04,,,,,,,,,,2.224731,6.253981,"Tesla K40c (0)","1","7","[CUDA memcpy HtoD]"
9,2.016036,0.012756,729,1,1,128,1,1,58,7.200000e+03,0.000000,,,"Tesla K40c (0)","1","7","kernel_gpu_cuda(par_str, dim_str, box_str*, FOUR_VECTOR*, double*, FOUR_VECTOR*) [108]"
9,2.028807,4.394890e-04,,,,,,,,,,2.224731,4.943444,"Tesla K40c (0)","1","7","[CUDA memcpy DtoH]"
10,2.025145,6.476800e-05,,,,,,,,,,0.625610,9.432862,"Tesla K40c (0)","1","7","[CUDA memcpy HtoD]"
10,2.025379,5.271710e-04,,,,,,,,,,3.051758,5.653255,"Tesla K40c (0)","1","7","[CUDA memcpy HtoD]"
10,2.026025,7.792000e-05,,,,,,,,,,0.762939,9.561833,"Tesla K40c (0)","1","7","[CUDA memcpy HtoD]"
10,2.026252,4.773470e-04,,,,,,,,,,3.051758,6.243325,"Tesla K40c (0)","1","7","[CUDA memcpy HtoD]"
10,2.026735,0.017753,1000,1,1,128,1,1,58,7.200000e+03,0.000000,,,"Tesla K40c (0)","1","7","kernel_gpu_cuda(par_str, dim_str, box_str*, FOUR_VECTOR*, double*, FOUR_VECTOR*) [108]"
10,2.044502,4.570590e-04,,,,,,,,,,3.051758,6.520454,"Tesla K40c (0)","1","7","[CUDA memcpy DtoH]"
11,2.017513,8.528000e-05,,,,,,,,,,0.832687,9.535310,"Tesla K40c (0)","1","7","[CUDA memcpy HtoD]"
11,2.017766,7.281930e-04,,,,,,,,,,4.061890,5.447305,"Tesla K40c (0)","1","7","[CUDA memcpy HtoD]"
11,2.018634,1.056960e-04,,,,,,,,,,1.015472,9.382307,"Tesla K40c (0)","1","7","[CUDA memcpy HtoD]"
11,2.018873,6.310730e-04,,,,,,,,,,4.061890,6.285626,"Tesla K40c (0)","1","7","[CUDA memcpy HtoD]"
11,2.019510,0.024018,1331,1,1,128,1,1,58,7.200000e+03,0.000000,,,"Tesla K40c (0)","1","7","kernel_gpu_cuda(par_str, dim_str, box_str*, FOUR_VECTOR*, double*, FOUR_VECTOR*) [108]"
11,2.043552,6.285130e-04,,,,,,,,,,4.061890,6.311228,"Tesla K40c (0)","1","7","[CUDA memcpy DtoH]"
12,2.019073,1.157770e-04,,,,,,,,,,1.081055,9.118542,"Tesla K40c (0)","1","7","[CUDA memcpy HtoD]"
12,2.019356,9.635530e-04,,,,,,,,,,5.273438,5.344637,"Tesla K40c (0)","1","7","[CUDA memcpy HtoD]"
12,2.020453,1.426880e-04,,,,,,,,,,1.318359,9.022905,"Tesla K40c (0)","1","7","[CUDA memcpy HtoD]"
12,2.020722,8.034570e-04,,,,,,,,,,5.273438,6.409604,"Tesla K40c (0)","1","7","[CUDA memcpy HtoD]"
12,2.021532,0.031500,1728,1,1,128,1,1,58,7.200000e+03,0.000000,,,"Tesla K40c (0)","1","7","kernel_gpu_cuda(par_str, dim_str, box_str*, FOUR_VECTOR*, double*, FOUR_VECTOR*) [108]"
12,2.053052,8.463050e-04,,,,,,,,,,5.273438,6.085089,"Tesla K40c (0)","1","7","[CUDA memcpy DtoH]"
13,2.025801,1.605440e-04,,,,,,,,,,1.374466,8.360648,"Tesla K40c (0)","1","7","[CUDA memcpy HtoD]"
13,2.026173,1.174721e-03,,,,,,,,,,6.704712,5.573724,"Tesla K40c (0)","1","7","[CUDA memcpy HtoD]"
13,2.027475,1.979200e-04,,,,,,,,,,1.676178,8.270476,"Tesla K40c (0)","1","7","[CUDA memcpy HtoD]"
13,2.027801,1.068640e-03,,,,,,,,,,6.704712,6.127012,"Tesla K40c (0)","1","7","[CUDA memcpy HtoD]"
13,2.028875,0.040576,2197,1,1,128,1,1,58,7.200000e+03,0.000000,,,"Tesla K40c (0)","1","7","kernel_gpu_cuda(par_str, dim_str, box_str*, FOUR_VECTOR*, double*, FOUR_VECTOR*) [108]"
13,2.069470,1.087904e-03,,,,,,,,,,6.704712,6.018518,"Tesla K40c (0)","1","7","[CUDA memcpy DtoH]"
14,2.030055,2.408320e-04,,,,,,,,,,1.716675,6.961036,"Tesla K40c (0)","1","7","[CUDA memcpy HtoD]"
14,2.030460,1.452896e-03,,,,,,,,,,8.374023,5.628591,"Tesla K40c (0)","1","7","[CUDA memcpy HtoD]"
14,2.032038,2.795520e-04,,,,,,,,,,2.093506,7.313270,"Tesla K40c (0)","1","7","[CUDA memcpy HtoD]"
14,2.032438,1.308992e-03,,,,,,,,,,8.374023,6.247370,"Tesla K40c (0)","1","7","[CUDA memcpy HtoD]"
14,2.033753,0.050879,2744,1,1,128,1,1,58,7.200000e+03,0.000000,,,"Tesla K40c (0)","1","7","kernel_gpu_cuda(par_str, dim_str, box_str*, FOUR_VECTOR*, double*, FOUR_VECTOR*) [108]"
14,2.084655,1.404896e-03,,,,,,,,,,8.374023,5.820899,"Tesla K40c (0)","1","7","[CUDA memcpy DtoH]"
15,2.032415,3.244160e-04,,,,,,,,,,2.111435,6.355877,"Tesla K40c (0)","1","7","[CUDA memcpy HtoD]"
15,2.032896,1.747488e-03,,,,,,,,,,10.299683,5.755853,"Tesla K40c (0)","1","7","[CUDA memcpy HtoD]"
15,2.034764,3.376000e-04,,,,,,,,,,2.574921,7.448374,"Tesla K40c (0)","1","7","[CUDA memcpy HtoD]"
15,2.035221,1.612639e-03,,,,,,,,,,10.299683,6.237158,"Tesla K40c (0)","1","7","[CUDA memcpy HtoD]"
15,2.036840,0.062151,3375,1,1,128,1,1,58,7.200000e+03,0.000000,,,"Tesla K40c (0)","1","7","kernel_gpu_cuda(par_str, dim_str, box_str*, FOUR_VECTOR*, double*, FOUR_VECTOR*) [108]"
15,2.099019,1.833888e-03,,,,,,,,,,10.299683,5.484677,"Tesla K40c (0)","1","7","[CUDA memcpy DtoH]"
16,2.040598,4.131840e-04,,,,,,,,,,2.562500,6.056482,"Tesla K40c (0)","1","7","[CUDA memcpy HtoD]"
16,2.041171,2.094527e-03,,,,,,,,,,12.500000,5.828061,"Tesla K40c (0)","1","7","[CUDA memcpy HtoD]"
16,2.043389,4.528630e-04,,,,,,,,,,3.125000,6.738810,"Tesla K40c (0)","1","7","[CUDA memcpy HtoD]"
16,2.043961,1.991454e-03,,,,,,,,,,12.500000,6.129708,"Tesla K40c (0)","1","7","[CUDA memcpy HtoD]"
16,2.045959,0.077482,4096,1,1,128,1,1,58,7.200000e+03,0.000000,,,"Tesla K40c (0)","1","7","kernel_gpu_cuda(par_str, dim_str, box_str*, FOUR_VECTOR*, double*, FOUR_VECTOR*) [108]"
16,2.123487,2.140062e-03,,,,,,,,,,12.500000,5.704055,"Tesla K40c (0)","1","7","[CUDA memcpy DtoH]"
17,2.045595,5.407360e-04,,,,,,,,,,3.073624,5.550926,"Tesla K40c (0)","1","7","[CUDA memcpy HtoD]"
17,2.046292,2.555678e-03,,,,,,,,,,14.993286,5.729157,"Tesla K40c (0)","1","7","[CUDA memcpy HtoD]"
17,2.048970,5.385270e-04,,,,,,,,,,3.748322,6.797190,"Tesla K40c (0)","1","7","[CUDA memcpy HtoD]"
17,2.049627,2.445309e-03,,,,,,,,,,14.993286,5.987743,"Tesla K40c (0)","1","7","[CUDA memcpy HtoD]"
17,2.052078,0.093560,4913,1,1,128,1,1,58,7.200000e+03,0.000000,,,"Tesla K40c (0)","1","7","kernel_gpu_cuda(par_str, dim_str, box_str*, FOUR_VECTOR*, double*, FOUR_VECTOR*) [108]"
17,2.145677,2.597277e-03,,,,,,,,,,14.993286,5.637397,"Tesla K40c (0)","1","7","[CUDA memcpy DtoH]"
18,2.058221,6.369590e-04,,,,,,,,,,3.648560,5.593840,"Tesla K40c (0)","1","7","[CUDA memcpy HtoD]"
18,2.059012,2.987035e-03,,,,,,,,,,17.797852,5.818718,"Tesla K40c (0)","1","7","[CUDA memcpy HtoD]"
18,2.062122,6.423030e-04,,,,,,,,,,4.449463,6.764998,"Tesla K40c (0)","1","7","[CUDA memcpy HtoD]"
18,2.062885,2.884924e-03,,,,,,,,,,17.797852,6.024670,"Tesla K40c (0)","1","7","[CUDA memcpy HtoD]"
18,2.065776,0.111803,5832,1,1,128,1,1,58,7.200000e+03,0.000000,,,"Tesla K40c (0)","1","7","kernel_gpu_cuda(par_str, dim_str, box_str*, FOUR_VECTOR*, double*, FOUR_VECTOR*) [108]"
18,2.177618,3.036859e-03,,,,,,,,,,17.797852,5.723254,"Tesla K40c (0)","1","7","[CUDA memcpy DtoH]"
19,2.062915,7.605100e-04,,,,,,,,,,4.291061,5.510105,"Tesla K40c (0)","1","7","[CUDA memcpy HtoD]"
19,2.063810,3.540922e-03,,,,,,,,,,20.932007,5.772907,"Tesla K40c (0)","1","7","[CUDA memcpy HtoD]"
19,2.067481,8.002540e-04,,,,,,,,,,5.233002,6.385914,"Tesla K40c (0)","1","7","[CUDA memcpy HtoD]"
19,2.068409,3.651770e-03,,,,,,,,,,20.932007,5.597673,"Tesla K40c (0)","1","7","[CUDA memcpy HtoD]"
19,2.072067,0.132212,6859,1,1,128,1,1,58,7.200000e+03,0.000000,,,"Tesla K40c (0)","1","7","kernel_gpu_cuda(par_str, dim_str, box_str*, FOUR_VECTOR*, double*, FOUR_VECTOR*) [108]"
19,2.204319,3.679098e-03,,,,,,,,,,20.932007,5.556094,"Tesla K40c (0)","1","7","[CUDA memcpy DtoH]"
20,2.077162,9.831340e-04,,,,,,,,,,5.004883,4.971429,"Tesla K40c (0)","1","7","[CUDA memcpy HtoD]"
20,2.078287,4.515190e-03,,,,,,,,,,24.414062,5.280366,"Tesla K40c (0)","1","7","[CUDA memcpy HtoD]"
20,2.082931,1.013950e-03,,,,,,,,,,6.103516,5.878460,"Tesla K40c (0)","1","7","[CUDA memcpy HtoD]"
20,2.084119,3.982776e-03,,,,,,,,,,24.414062,5.986241,"Tesla K40c (0)","1","7","[CUDA memcpy HtoD]"
20,2.088108,0.154895,8000,1,1,128,1,1,58,7.200000e+03,0.000000,,,"Tesla K40c (0)","1","7","kernel_gpu_cuda(par_str, dim_str, box_str*, FOUR_VECTOR*, double*, FOUR_VECTOR*) [108]"
20,2.243032,4.227160e-03,,,,,,,,,,24.414062,5.640160,"Tesla K40c (0)","1","7","[CUDA memcpy DtoH]"
21,2.078499,1.115581e-03,,,,,,,,,,5.793777,5.071784,"Tesla K40c (0)","1","7","[CUDA memcpy HtoD]"
21,2.079752,4.619829e-03,,,,,,,,,,28.262329,5.974232,"Tesla K40c (0)","1","7","[CUDA memcpy HtoD]"
21,2.084495,1.094462e-03,,,,,,,,,,7.065582,6.304452,"Tesla K40c (0)","1","7","[CUDA memcpy HtoD]"
21,2.085709,4.579446e-03,,,,,,,,,,28.262329,6.026915,"Tesla K40c (0)","1","7","[CUDA memcpy HtoD]"
21,2.090295,0.180182,9261,1,1,128,1,1,58,7.200000e+03,0.000000,,,"Tesla K40c (0)","1","7","kernel_gpu_cuda(par_str, dim_str, box_str*, FOUR_VECTOR*, double*, FOUR_VECTOR*) [108]"
21,2.270519,4.777237e-03,,,,,,,,,,28.262329,5.777384,"Tesla K40c (0)","1","7","[CUDA memcpy DtoH]"
22,2.093253,1.228669e-03,,,,,,,,,,6.661499,5.294648,"Tesla K40c (0)","1","7","[CUDA memcpy HtoD]"
22,2.094612,5.397779e-03,,,,,,,,,,32.495117,5.878994,"Tesla K40c (0)","1","7","[CUDA memcpy HtoD]"
22,2.100131,1.261053e-03,,,,,,,,,,8.123779,6.291074,"Tesla K40c (0)","1","7","[CUDA memcpy HtoD]"
22,2.101513,5.394131e-03,,,,,,,,,,32.495117,5.882970,"Tesla K40c (0)","1","7","[CUDA memcpy HtoD]"
22,2.106913,0.208026,10648,1,1,128,1,1,58,7.200000e+03,0.000000,,,"Tesla K40c (0)","1","7","kernel_gpu_cuda(par_str, dim_str, box_str*, FOUR_VECTOR*, double*, FOUR_VECTOR*) [108]"
22,2.314979,5.646643e-03,,,,,,,,,,32.495117,5.619890,"Tesla K40c (0)","1","7","[CUDA memcpy DtoH]"
23,2.110831,1.771228e-03,,,,,,,,,,7.611801,4.196749,"Tesla K40c (0)","1","7","[CUDA memcpy HtoD]"
23,2.112756,6.672048e-03,,,,,,,,,,37.130737,5.434686,"Tesla K40c (0)","1","7","[CUDA memcpy HtoD]"
23,2.119555,1.542620e-03,,,,,,,,,,9.282684,5.876445,"Tesla K40c (0)","1","7","[CUDA memcpy HtoD]"
23,2.121227,6.468719e-03,,,,,,,,,,37.130737,5.605513,"Tesla K40c (0)","1","7","[CUDA memcpy HtoD]"
23,2.127702,0.238586,12167,1,1,128,1,1,58,7.200000e+03,0.000000,,,"Tesla K40c (0)","1","7","kernel_gpu_cuda(par_str, dim_str, box_str*, FOUR_VECTOR*, double*, FOUR_VECTOR*) [108]"
23,2.366329,6.391152e-03,,,,,,,,,,37.130737,5.673545,"Tesla K40c (0)","1","7","[CUDA memcpy DtoH]"
24,2.111670,1.672187e-03,,,,,,,,,,8.648438,5.050715,"Tesla K40c (0)","1","7","[CUDA memcpy HtoD]"
24,2.113479,6.926028e-03,,,,,,,,,,42.187500,5.948392,"Tesla K40c (0)","1","7","[CUDA memcpy HtoD]"
24,2.120528,1.643163e-03,,,,,,,,,,10.546875,6.268205,"Tesla K40c (0)","1","7","[CUDA memcpy HtoD]"
24,2.122294,6.877325e-03,,,,,,,,,,42.187500,5.990517,"Tesla K40c (0)","1","7","[CUDA memcpy HtoD]"
24,2.129177,0.271950,13824,1,1,128,1,1,58,7.200000e+03,0.000000,,,"Tesla K40c (0)","1","7","kernel_gpu_cuda(par_str, dim_str, box_str*, FOUR_VECTOR*, double*, FOUR_VECTOR*) [108]"
24,2.401170,7.533739e-03,,,,,,,,,,42.187500,5.468564,"Tesla K40c (0)","1","7","[CUDA memcpy DtoH]"
25,2.130439,1.769531e-03,,,,,,,,,,9.775162,5.394682,"Tesla K40c (0)","1","7","[CUDA memcpy HtoD]"
25,2.132333,7.861353e-03,,,,,,,,,,47.683716,5.923424,"Tesla K40c (0)","1","7","[CUDA memcpy HtoD]"
25,2.140314,1.982842e-03,,,,,,,,,,11.920929,5.871135,"Tesla K40c (0)","1","7","[CUDA memcpy HtoD]"
25,2.142418,7.820457e-03,,,,,,,,,,47.683716,5.954400,"Tesla K40c (0)","1","7","[CUDA memcpy HtoD]"
25,2.150245,0.308557,15625,1,1,128,1,1,58,7.200000e+03,0.000000,,,"Tesla K40c (0)","1","7","kernel_gpu_cuda(par_str, dim_str, box_str*, FOUR_VECTOR*, double*, FOUR_VECTOR*) [108]"
25,2.458840,8.208008e-03,,,,,,,,,,47.683716,5.673256,"Tesla K40c (0)","1","7","[CUDA memcpy DtoH]"
26,2.181807,2.001628e-03,,,,,,,,,,10.995728,5.364641,"Tesla K40c (0)","1","7","[CUDA memcpy HtoD]"
26,2.183932,9.165871e-03,,,,,,,,,,53.637695,5.714739,"Tesla K40c (0)","1","7","[CUDA memcpy HtoD]"
26,2.193220,2.121244e-03,,,,,,,,,,13.409424,6.173331,"Tesla K40c (0)","1","7","[CUDA memcpy HtoD]"
26,2.195462,8.894928e-03,,,,,,,,,,53.637695,5.888812,"Tesla K40c (0)","1","7","[CUDA memcpy HtoD]"
26,2.204363,0.348109,17576,1,1,128,1,1,58,7.200000e+03,0.000000,,,"Tesla K40c (0)","1","7","kernel_gpu_cuda(par_str, dim_str, box_str*, FOUR_VECTOR*, double*, FOUR_VECTOR*) [108]"
26,2.552510,9.327727e-03,,,,,,,,,,53.637695,5.615576,"Tesla K40c (0)","1","7","[CUDA memcpy DtoH]"
27,2.166108,2.250233e-03,,,,,,,,,,12.313889,5.344016,"Tesla K40c (0)","1","7","[CUDA memcpy HtoD]"
27,2.168490,0.010091,,,,,,,,,,60.067749,5.813253,"Tesla K40c (0)","1","7","[CUDA memcpy HtoD]"
27,2.178758,2.427800e-03,,,,,,,,,,15.016937,6.040439,"Tesla K40c (0)","1","7","[CUDA memcpy HtoD]"
27,2.181307,9.823649e-03,,,,,,,,,,60.067749,5.971296,"Tesla K40c (0)","1","7","[CUDA memcpy HtoD]"
27,2.191137,0.390958,19683,1,1,128,1,1,58,7.200000e+03,0.000000,,,"Tesla K40c (0)","1","7","kernel_gpu_cuda(par_str, dim_str, box_str*, FOUR_VECTOR*, double*, FOUR_VECTOR*) [108]"
27,2.582138,0.011287,,,,,,,,,,60.067749,5.197222,"Tesla K40c (0)","1","7","[CUDA memcpy DtoH]"
28,2.208600,2.970166e-03,,,,,,,,,,13.733398,4.515412,"Tesla K40c (0)","1","7","[CUDA memcpy HtoD]"
28,2.211699,0.011117,,,,,,,,,,66.992188,5.884720,"Tesla K40c (0)","1","7","[CUDA memcpy HtoD]"
28,2.222936,2.664664e-03,,,,,,,,,,16.748047,6.137928,"Tesla K40c (0)","1","7","[CUDA memcpy HtoD]"
28,2.225722,0.011176,,,,,,,,,,66.992188,5.853617,"Tesla K40c (0)","1","7","[CUDA memcpy HtoD]"
28,2.236905,0.437139,21952,1,1,128,1,1,58,7.200000e+03,0.000000,,,"Tesla K40c (0)","1","7","kernel_gpu_cuda(par_str, dim_str, box_str*, FOUR_VECTOR*, double*, FOUR_VECTOR*) [108]"
28,2.674082,0.011683,,,,,,,,,,66.992188,5.599826,"Tesla K40c (0)","1","7","[CUDA memcpy DtoH]"
29,2.208825,2.731479e-03,,,,,,,,,,15.258011,5.455067,"Tesla K40c (0)","1","7","[CUDA memcpy HtoD]"
29,2.211687,0.012284,,,,,,,,,,74.429321,5.917072,"Tesla K40c (0)","1","7","[CUDA memcpy HtoD]"
29,2.224093,2.985142e-03,,,,,,,,,,18.607330,6.087222,"Tesla K40c (0)","1","7","[CUDA memcpy HtoD]"
29,2.227199,0.012859,,,,,,,,,,74.429321,5.652467,"Tesla K40c (0)","1","7","[CUDA memcpy HtoD]"
29,2.240064,0.486775,24389,1,1,128,1,1,58,7.200000e+03,0.000000,,,"Tesla K40c (0)","1","7","kernel_gpu_cuda(par_str, dim_str, box_str*, FOUR_VECTOR*, double*, FOUR_VECTOR*) [108]"
29,2.726879,0.013169,,,,,,,,,,74.429321,5.519187,"Tesla K40c (0)","1","7","[CUDA memcpy DtoH]"
30,2.225072,3.028310e-03,,,,,,,,,,16.891479,5.447126,"Tesla K40c (0)","1","7","[CUDA memcpy HtoD]"
30,2.228223,0.013582,,,,,,,,,,82.397461,5.924282,"Tesla K40c (0)","1","7","[CUDA memcpy HtoD]"
30,2.241928,3.546932e-03,,,,,,,,,,20.599365,5.671540,"Tesla K40c (0)","1","7","[CUDA memcpy HtoD]"
30,2.245598,0.013964,,,,,,,,,,82.397461,5.762480,"Tesla K40c (0)","1","7","[CUDA memcpy HtoD]"
30,2.259568,0.540392,27000,1,1,128,1,1,58,7.200000e+03,0.000000,,,"Tesla K40c (0)","1","7","kernel_gpu_cuda(par_str, dim_str, box_str*, FOUR_VECTOR*, double*, FOUR_VECTOR*) [108]"
30,2.800000,0.014383,,,,,,,,,,82.397461,5.594730,"Tesla K40c (0)","1","7","[CUDA memcpy DtoH]"
31,2.249267,3.381492e-03,,,,,,,,,,18.637558,5.382458,"Tesla K40c (0)","1","7","[CUDA memcpy HtoD]"
31,2.252788,0.015270,,,,,,,,,,90.914917,5.814467,"Tesla K40c (0)","1","7","[CUDA memcpy HtoD]"
31,2.268179,4.122002e-03,,,,,,,,,,22.728729,5.384768,"Tesla K40c (0)","1","7","[CUDA memcpy HtoD]"
31,2.272432,0.015221,,,,,,,,,,90.914917,5.833072,"Tesla K40c (0)","1","7","[CUDA memcpy HtoD]"
31,2.287659,0.597350,29791,1,1,128,1,1,58,7.200000e+03,0.000000,,,"Tesla K40c (0)","1","7","kernel_gpu_cuda(par_str, dim_str, box_str*, FOUR_VECTOR*, double*, FOUR_VECTOR*) [108]"
31,2.885049,0.015556,,,,,,,,,,90.914917,5.707265,"Tesla K40c (0)","1","7","[CUDA memcpy DtoH]"
32,2.275146,3.529300e-03,,,,,,,,,,20.500000,5.672380,"Tesla K40c (0)","1","7","[CUDA memcpy HtoD]"
32,2.278797,0.016969,,,,,,,,,,100.000000,5.755057,"Tesla K40c (0)","1","7","[CUDA memcpy HtoD]"
32,2.295888,4.051538e-03,,,,,,,,,,25.000000,6.025875,"Tesla K40c (0)","1","7","[CUDA memcpy HtoD]"
32,2.300062,0.016782,,,,,,,,,,100.000000,5.819166,"Tesla K40c (0)","1","7","[CUDA memcpy HtoD]"
32,2.316850,0.658319,32768,1,1,128,1,1,58,7.200000e+03,0.000000,,,"Tesla K40c (0)","1","7","kernel_gpu_cuda(par_str, dim_str, box_str*, FOUR_VECTOR*, double*, FOUR_VECTOR*) [108]"
32,2.975212,0.017315,,,,,,,,,,100.000000,5.640007,"Tesla K40c (0)","1","7","[CUDA memcpy DtoH]"
33,2.296487,3.957490e-03,,,,,,,,,,22.482559,5.547866,"Tesla K40c (0)","1","7","[CUDA memcpy HtoD]"
33,2.300600,0.018642,,,,,,,,,,109.671021,5.744992,"Tesla K40c (0)","1","7","[CUDA memcpy HtoD]"
33,2.319373,4.493329e-03,,,,,,,,,,27.417755,5.958867,"Tesla K40c (0)","1","7","[CUDA memcpy HtoD]"
33,2.323985,0.018261,,,,,,,,,,109.671021,5.864912,"Tesla K40c (0)","1","7","[CUDA memcpy HtoD]"
33,2.342252,0.723503,35937,1,1,128,1,1,58,7.200000e+03,0.000000,,,"Tesla K40c (0)","1","7","kernel_gpu_cuda(par_str, dim_str, box_str*, FOUR_VECTOR*, double*, FOUR_VECTOR*) [108]"
33,3.065794,0.019413,,,,,,,,,,109.671021,5.516884,"Tesla K40c (0)","1","7","[CUDA memcpy DtoH]"
34,2.323173,4.265009e-03,,,,,,,,,,24.588989,5.630160,"Tesla K40c (0)","1","7","[CUDA memcpy HtoD]"
34,2.327561,0.020492,,,,,,,,,,119.946289,5.716227,"Tesla K40c (0)","1","7","[CUDA memcpy HtoD]"
34,2.348174,5.135726e-03,,,,,,,,,,29.986572,5.701971,"Tesla K40c (0)","1","7","[CUDA memcpy HtoD]"
34,2.353433,0.020368,,,,,,,,,,119.946289,5.750829,"Tesla K40c (0)","1","7","[CUDA memcpy HtoD]"
34,2.373808,0.792767,39304,1,1,128,1,1,58,7.200000e+03,0.000000,,,"Tesla K40c (0)","1","7","kernel_gpu_cuda(par_str, dim_str, box_str*, FOUR_VECTOR*, double*, FOUR_VECTOR*) [108]"
34,3.166615,0.020720,,,,,,,,,,119.946289,5.653256,"Tesla K40c (0)","1","7","[CUDA memcpy DtoH]"
35,2.354867,4.630639e-03,,,,,,,,,,26.823044,5.656752,"Tesla K40c (0)","1","7","[CUDA memcpy HtoD]"
35,2.359626,0.022346,,,,,,,,,,130.844116,5.718193,"Tesla K40c (0)","1","7","[CUDA memcpy HtoD]"
35,2.382101,5.925290e-03,,,,,,,,,,32.711029,5.391190,"Tesla K40c (0)","1","7","[CUDA memcpy HtoD]"
35,2.388152,0.022023,,,,,,,,,,130.844116,5.801985,"Tesla K40c (0)","1","7","[CUDA memcpy HtoD]"
35,2.410181,0.866189,42875,1,1,128,1,1,58,7.200000e+03,0.000000,,,"Tesla K40c (0)","1","7","kernel_gpu_cuda(par_str, dim_str, box_str*, FOUR_VECTOR*, double*, FOUR_VECTOR*) [108]"
35,3.276410,0.022931,,,,,,,,,,130.844116,5.572292,"Tesla K40c (0)","1","7","[CUDA memcpy DtoH]"
36,2.386792,5.051214e-03,,,,,,,,,,29.188477,5.643073,"Tesla K40c (0)","1","7","[CUDA memcpy HtoD]"
36,2.391994,0.024256,,,,,,,,,,142.382812,5.732317,"Tesla K40c (0)","1","7","[CUDA memcpy HtoD]"
36,2.416375,5.806892e-03,,,,,,,,,,35.595703,5.986236,"Tesla K40c (0)","1","7","[CUDA memcpy HtoD]"
36,2.422304,0.024092,,,,,,,,,,142.382812,5.771468,"Tesla K40c (0)","1","7","[CUDA memcpy HtoD]"
36,2.446402,0.944105,46656,1,1,128,1,1,58,7.200000e+03,0.000000,,,"Tesla K40c (0)","1","7","kernel_gpu_cuda(par_str, dim_str, box_str*, FOUR_VECTOR*, double*, FOUR_VECTOR*) [108]"
36,3.390549,0.025057,,,,,,,,,,142.382812,5.549255,"Tesla K40c (0)","1","7","[CUDA memcpy DtoH]"
37,2.415905,5.350060e-03,,,,,,,,,,31.689041,5.784296,"Tesla K40c (0)","1","7","[CUDA memcpy HtoD]"
37,2.421382,0.026355,,,,,,,,,,154.580688,5.727794,"Tesla K40c (0)","1","7","[CUDA memcpy HtoD]"
37,2.447860,6.282602e-03,,,,,,,,,,38.645172,6.006974,"Tesla K40c (0)","1","7","[CUDA memcpy HtoD]"
37,2.454307,0.026260,,,,,,,,,,154.580688,5.748580,"Tesla K40c (0)","1","7","[CUDA memcpy HtoD]"
37,2.480573,1.026783,50653,1,1,128,1,1,58,7.200000e+03,0.000000,,,"Tesla K40c (0)","1","7","kernel_gpu_cuda(par_str, dim_str, box_str*, FOUR_VECTOR*, double*, FOUR_VECTOR*) [108]"
37,3.507398,0.027448,,,,,,,,,,154.580688,5.499842,"Tesla K40c (0)","1","7","[CUDA memcpy DtoH]"
38,2.453378,6.055850e-03,,,,,,,,,,34.328491,5.535791,"Tesla K40c (0)","1","7","[CUDA memcpy HtoD]"
38,2.459555,0.028211,,,,,,,,,,167.456055,5.796714,"Tesla K40c (0)","1","7","[CUDA memcpy HtoD]"
38,2.487897,6.902951e-03,,,,,,,,,,41.864014,5.922514,"Tesla K40c (0)","1","7","[CUDA memcpy HtoD]"
38,2.494922,0.028413,,,,,,,,,,167.456055,5.755429,"Tesla K40c (0)","1","7","[CUDA memcpy HtoD]"
38,2.523351,1.113615,54872,1,1,128,1,1,58,7.200000e+03,0.000000,,,"Tesla K40c (0)","1","7","kernel_gpu_cuda(par_str, dim_str, box_str*, FOUR_VECTOR*, double*, FOUR_VECTOR*) [108]"
38,3.637007,0.029124,,,,,,,,,,167.456055,5.615059,"Tesla K40c (0)","1","7","[CUDA memcpy DtoH]"
39,2.488644,6.790215e-03,,,,,,,,,,37.110580,5.337210,"Tesla K40c (0)","1","7","[CUDA memcpy HtoD]"
39,2.495558,0.030301,,,,,,,,,,181.027222,5.834194,"Tesla K40c (0)","1","7","[CUDA memcpy HtoD]"
39,2.525981,7.319525e-03,,,,,,,,,,45.256805,6.038110,"Tesla K40c (0)","1","7","[CUDA memcpy HtoD]"
39,2.533465,0.031180,,,,,,,,,,181.027222,5.669874,"Tesla K40c (0)","1","7","[CUDA memcpy HtoD]"
39,2.564651,1.182302,59319,1,1,128,1,1,58,7.200000e+03,0.000000,,,"Tesla K40c (0)","1","7","kernel_gpu_cuda(par_str, dim_str, box_str*, FOUR_VECTOR*, double*, FOUR_VECTOR*) [108]"
39,3.746996,0.031752,,,,,,,,,,181.027222,5.567676,"Tesla K40c (0)","1","7","[CUDA memcpy DtoH]"
40,2.598974,6.777767e-03,,,,,,,,,,40.039062,5.768957,"Tesla K40c (0)","1","7","[CUDA memcpy HtoD]"
40,2.605874,0.033231,,,,,,,,,,195.312500,5.739753,"Tesla K40c (0)","1","7","[CUDA memcpy HtoD]"
40,2.639229,8.604672e-03,,,,,,,,,,48.828125,5.541608,"Tesla K40c (0)","1","7","[CUDA memcpy HtoD]"
40,2.647956,0.032682,,,,,,,,,,195.312500,5.836067,"Tesla K40c (0)","1","7","[CUDA memcpy HtoD]"
40,2.680644,1.302400,64000,1,1,128,1,1,58,7.200000e+03,0.000000,,,"Tesla K40c (0)","1","7","kernel_gpu_cuda(par_str, dim_str, box_str*, FOUR_VECTOR*, double*, FOUR_VECTOR*) [108]"
40,3.983083,0.034137,,,,,,,,,,195.312500,5.587305,"Tesla K40c (0)","1","7","[CUDA memcpy DtoH]"
41,2.567479,7.778916e-03,,,,,,,,,,43.117691,5.412980,"Tesla K40c (0)","1","7","[CUDA memcpy HtoD]"
41,2.575387,0.035249,,,,,,,,,,210.330200,5.827112,"Tesla K40c (0)","1","7","[CUDA memcpy HtoD]"
41,2.610760,8.550689e-03,,,,,,,,,,52.582550,6.005381,"Tesla K40c (0)","1","7","[CUDA memcpy HtoD]"
41,2.619432,0.035213,,,,,,,,,,210.330200,5.833117,"Tesla K40c (0)","1","7","[CUDA memcpy HtoD]"
41,2.654651,1.404164,68921,1,1,128,1,1,58,7.200000e+03,0.000000,,,"Tesla K40c (0)","1","7","kernel_gpu_cuda(par_str, dim_str, box_str*, FOUR_VECTOR*, double*, FOUR_VECTOR*) [108]"
41,4.058858,0.036674,,,,,,,,,,210.330200,5.600737,"Tesla K40c (0)","1","7","[CUDA memcpy DtoH]"
42,2.608060,8.026978e-03,,,,,,,,,,46.350220,5.638970,"Tesla K40c (0)","1","7","[CUDA memcpy HtoD]"
42,2.616209,0.038990,,,,,,,,,,226.098633,5.662934,"Tesla K40c (0)","1","7","[CUDA memcpy HtoD]"
42,2.655320,9.984571e-03,,,,,,,,,,56.524658,5.528516,"Tesla K40c (0)","1","7","[CUDA memcpy HtoD]"
42,2.665427,0.039058,,,,,,,,,,226.098633,5.653103,"Tesla K40c (0)","1","7","[CUDA memcpy HtoD]"
42,2.704491,1.482464,74088,1,1,128,1,1,58,7.200000e+03,0.000000,,,"Tesla K40c (0)","1","7","kernel_gpu_cuda(par_str, dim_str, box_str*, FOUR_VECTOR*, double*, FOUR_VECTOR*) [108]"
42,4.186997,0.039783,,,,,,,,,,226.098633,5.550124,"Tesla K40c (0)","1","7","[CUDA memcpy DtoH]"
43,2.657059,8.644480e-03,,,,,,,,,,49.740402,5.619148,"Tesla K40c (0)","1","7","[CUDA memcpy HtoD]"
43,2.665825,0.041234,,,,,,,,,,242.636108,5.746425,"Tesla K40c (0)","1","7","[CUDA memcpy HtoD]"
43,2.707183,0.010541,,,,,,,,,,60.659027,5.619851,"Tesla K40c (0)","1","7","[CUDA memcpy HtoD]"
43,2.717845,0.041134,,,,,,,,,,242.636108,5.760493,"Tesla K40c (0)","1","7","[CUDA memcpy HtoD]"
43,2.758984,1.592472,79507,1,1,128,1,1,58,7.200000e+03,0.000000,,,"Tesla K40c (0)","1","7","kernel_gpu_cuda(par_str, dim_str, box_str*, FOUR_VECTOR*, double*, FOUR_VECTOR*) [108]"
43,4.351496,0.042076,,,,,,,,,,242.636108,5.631412,"Tesla K40c (0)","1","7","[CUDA memcpy DtoH]"
44,2.702642,9.259998e-03,,,,,,,,,,53.291992,5.620191,"Tesla K40c (0)","1","7","[CUDA memcpy HtoD]"
44,2.712025,0.043738,,,,,,,,,,259.960938,5.804268,"Tesla K40c (0)","1","7","[CUDA memcpy HtoD]"
44,2.755888,0.011136,,,,,,,,,,64.990234,5.699156,"Tesla K40c (0)","1","7","[CUDA memcpy HtoD]"
44,2.767149,0.043710,,,,,,,,,,259.960938,5.808071,"Tesla K40c (0)","1","7","[CUDA memcpy HtoD]"
44,2.810864,1.708087,85184,1,1,128,1,1,58,7.200000e+03,0.000000,,,"Tesla K40c (0)","1","7","kernel_gpu_cuda(par_str, dim_str, box_str*, FOUR_VECTOR*, double*, FOUR_VECTOR*) [108]"
44,4.518991,0.045635,,,,,,,,,,259.960938,5.562970,"Tesla K40c (0)","1","7","[CUDA memcpy DtoH]"
45,2.745186,0.010254,,,,,,,,,,57.008743,5.429298,"Tesla K40c (0)","1","7","[CUDA memcpy HtoD]"
45,2.755564,0.046886,,,,,,,,,,278.091431,5.792196,"Tesla K40c (0)","1","7","[CUDA memcpy HtoD]"
45,2.802573,0.012284,,,,,,,,,,69.522858,5.526971,"Tesla K40c (0)","1","7","[CUDA memcpy HtoD]"
45,2.814983,0.046831,,,,,,,,,,278.091431,5.798988,"Tesla K40c (0)","1","7","[CUDA memcpy HtoD]"
45,2.861820,1.837720,91125,1,1,128,1,1,58,7.200000e+03,0.000000,,,"Tesla K40c (0)","1","7","kernel_gpu_cuda(par_str, dim_str, box_str*, FOUR_VECTOR*, double*, FOUR_VECTOR*) [108]"
45,4.699583,0.048130,,,,,,,,,,278.091431,5.642465,"Tesla K40c (0)","1","7","[CUDA memcpy DtoH]"
46,2.806263,0.010358,,,,,,,,,,60.894409,5.741038,"Tesla K40c (0)","1","7","[CUDA memcpy HtoD]"
46,2.816779,0.049694,,,,,,,,,,297.045898,5.837456,"Tesla K40c (0)","1","7","[CUDA memcpy HtoD]"
46,2.866661,0.012682,,,,,,,,,,74.261475,5.718359,"Tesla K40c (0)","1","7","[CUDA memcpy HtoD]"
46,2.879465,0.050648,,,,,,,,,,297.045898,5.727496,"Tesla K40c (0)","1","7","[CUDA memcpy HtoD]"
46,2.930118,1.965071,97336,1,1,128,1,1,58,7.200000e+03,0.000000,,,"Tesla K40c (0)","1","7","kernel_gpu_cuda(par_str, dim_str, box_str*, FOUR_VECTOR*, double*, FOUR_VECTOR*) [108]"
46,4.895230,0.052222,,,,,,,,,,297.045898,5.554806,"Tesla K40c (0)","1","7","[CUDA memcpy DtoH]"
47,2.852625,0.011222,,,,,,,,,,64.952744,5.652178,"Tesla K40c (0)","1","7","[CUDA memcpy HtoD]"
47,2.863973,0.055939,,,,,,,,,,316.842651,5.531342,"Tesla K40c (0)","1","7","[CUDA memcpy HtoD]"
47,2.920039,0.013662,,,,,,,,,,79.210663,5.661929,"Tesla K40c (0)","1","7","[CUDA memcpy HtoD]"
47,2.933828,0.054607,,,,,,,,,,316.842651,5.666245,"Tesla K40c (0)","1","7","[CUDA memcpy HtoD]"
47,2.988441,2.097747,103823,1,1,128,1,1,58,7.200000e+03,0.000000,,,"Tesla K40c (0)","1","7","kernel_gpu_cuda(par_str, dim_str, box_str*, FOUR_VECTOR*, double*, FOUR_VECTOR*) [108]"
47,5.086229,0.054976,,,,,,,,,,316.842651,5.628208,"Tesla K40c (0)","1","7","[CUDA memcpy DtoH]"
48,2.904845,0.012139,,,,,,,,,,69.187500,5.565934,"Tesla K40c (0)","1","7","[CUDA memcpy HtoD]"
48,2.917109,0.058325,,,,,,,,,,337.500000,5.650909,"Tesla K40c (0)","1","7","[CUDA memcpy HtoD]"
48,2.975556,0.014891,,,,,,,,,,84.375000,5.533450,"Tesla K40c (0)","1","7","[CUDA memcpy HtoD]"
48,2.990569,0.057001,,,,,,,,,,337.500000,5.782130,"Tesla K40c (0)","1","7","[CUDA memcpy HtoD]"
48,3.047577,2.236645,110592,1,1,128,1,1,58,7.200000e+03,0.000000,,,"Tesla K40c (0)","1","7","kernel_gpu_cuda(par_str, dim_str, box_str*, FOUR_VECTOR*, double*, FOUR_VECTOR*) [108]"
48,5.284264,0.059069,,,,,,,,,,337.500000,5.579746,"Tesla K40c (0)","1","7","[CUDA memcpy DtoH]"
49,2.969883,0.012247,,,,,,,,,,73.602432,5.868981,"Tesla K40c (0)","1","7","[CUDA memcpy HtoD]"
49,2.982254,0.061375,,,,,,,,,,359.036255,5.712783,"Tesla K40c (0)","1","7","[CUDA memcpy HtoD]"
49,3.043811,0.014925,,,,,,,,,,89.759064,5.873117,"Tesla K40c (0)","1","7","[CUDA memcpy HtoD]"
49,3.058859,0.061307,,,,,,,,,,359.036255,5.719077,"Tesla K40c (0)","1","7","[CUDA memcpy HtoD]"
49,3.120173,2.381748,117649,1,1,128,1,1,58,7.200000e+03,0.000000,,,"Tesla K40c (0)","1","7","kernel_gpu_cuda(par_str, dim_str, box_str*, FOUR_VECTOR*, double*, FOUR_VECTOR*) [108]"
49,5.501962,0.062117,,,,,,,,,,359.036255,5.644492,"Tesla K40c (0)","1","7","[CUDA memcpy DtoH]"
50,3.023831,0.013459,,,,,,,,,,78.201294,5.674227,"Tesla K40c (0)","1","7","[CUDA memcpy HtoD]"
50,3.037413,0.064283,,,,,,,,,,381.469727,5.795104,"Tesla K40c (0)","1","7","[CUDA memcpy HtoD]"
50,3.101819,0.016353,,,,,,,,,,95.367432,5.695119,"Tesla K40c (0)","1","7","[CUDA memcpy HtoD]"
50,3.118296,0.065165,,,,,,,,,,381.469727,5.716729,"Tesla K40c (0)","1","7","[CUDA memcpy HtoD]"
50,3.183467,2.532457,125000,1,1,128,1,1,58,7.200000e+03,0.000000,,,"Tesla K40c (0)","1","7","kernel_gpu_cuda(par_str, dim_str, box_str*, FOUR_VECTOR*, double*, FOUR_VECTOR*) [108]"
50,5.715969,0.065396,,,,,,,,,,381.469727,5.696521,"Tesla K40c (0)","1","7","[CUDA memcpy DtoH]"
51,3.088243,0.014401,,,,,,,,,,82.987839,5.627493,"Tesla K40c (0)","1","7","[CUDA memcpy HtoD]"
51,3.102782,0.068429,,,,,,,,,,404.818726,5.777238,"Tesla K40c (0)","1","7","[CUDA memcpy HtoD]"
51,3.171334,0.017142,,,,,,,,,,101.204681,5.765652,"Tesla K40c (0)","1","7","[CUDA memcpy HtoD]"
51,3.188596,0.068172,,,,,,,,,,404.818726,5.798979,"Tesla K40c (0)","1","7","[CUDA memcpy HtoD]"
51,3.256775,2.690670,132651,1,1,128,1,1,58,7.200000e+03,0.000000,,,"Tesla K40c (0)","1","7","kernel_gpu_cuda(par_str, dim_str, box_str*, FOUR_VECTOR*, double*, FOUR_VECTOR*) [108]"
51,5.947487,0.070689,,,,,,,,,,404.818726,5.592502,"Tesla K40c (0)","1","7","[CUDA memcpy DtoH]"
52,3.157398,0.015065,,,,,,,,,,87.965820,5.702207,"Tesla K40c (0)","1","7","[CUDA memcpy HtoD]"
52,3.172587,0.073190,,,,,,,,,,429.101562,5.725459,"Tesla K40c (0)","1","7","[CUDA memcpy HtoD]"
52,3.245907,0.018447,,,,,,,,,,107.275391,5.679111,"Tesla K40c (0)","1","7","[CUDA memcpy HtoD]"
52,3.264492,0.072473,,,,,,,,,,429.101562,5.782071,"Tesla K40c (0)","1","7","[CUDA memcpy HtoD]"
52,3.336971,2.854267,140608,1,1,128,1,1,58,7.200000e+03,0.000000,,,"Tesla K40c (0)","1","7","kernel_gpu_cuda(par_str, dim_str, box_str*, FOUR_VECTOR*, double*, FOUR_VECTOR*) [108]"
52,6.191283,0.074579,,,,,,,,,,429.101562,5.618825,"Tesla K40c (0)","1","7","[CUDA memcpy DtoH]"
53,3.211980,0.015651,,,,,,,,,,93.138992,5.811547,"Tesla K40c (0)","1","7","[CUDA memcpy HtoD]"
53,3.227752,0.076756,,,,,,,,,,454.336548,5.780519,"Tesla K40c (0)","1","7","[CUDA memcpy HtoD]"
53,3.304632,0.019187,,,,,,,,,,113.584137,5.780986,"Tesla K40c (0)","1","7","[CUDA memcpy HtoD]"
53,3.323942,0.078496,,,,,,,,,,454.336548,5.652338,"Tesla K40c (0)","1","7","[CUDA memcpy HtoD]"
53,3.402444,3.023400,148877,1,1,128,1,1,58,7.200000e+03,0.000000,,,"Tesla K40c (0)","1","7","kernel_gpu_cuda(par_str, dim_str, box_str*, FOUR_VECTOR*, double*, FOUR_VECTOR*) [108]"
53,6.425885,0.079112,,,,,,,,,,454.336548,5.608320,"Tesla K40c (0)","1","7","[CUDA memcpy DtoH]"
54,3.285769,0.017046,,,,,,,,,,98.511108,5.643605,"Tesla K40c (0)","1","7","[CUDA memcpy HtoD]"
54,3.302937,0.081522,,,,,,,,,,480.541992,5.756476,"Tesla K40c (0)","1","7","[CUDA memcpy HtoD]"
54,3.384583,0.020410,,,,,,,,,,120.135498,5.748180,"Tesla K40c (0)","1","7","[CUDA memcpy HtoD]"
54,3.405115,0.081500,,,,,,,,,,480.541992,5.757997,"Tesla K40c (0)","1","7","[CUDA memcpy HtoD]"
54,3.486622,3.200610,157464,1,1,128,1,1,58,7.200000e+03,0.000000,,,"Tesla K40c (0)","1","7","kernel_gpu_cuda(par_str, dim_str, box_str*, FOUR_VECTOR*, double*, FOUR_VECTOR*) [108]"
54,6.687288,0.083546,,,,,,,,,,480.541992,5.617037,"Tesla K40c (0)","1","7","[CUDA memcpy DtoH]"
55,3.362781,0.017646,,,,,,,,,,104.085922,5.760409,"Tesla K40c (0)","1","7","[CUDA memcpy HtoD]"
55,3.380550,0.086604,,,,,,,,,,507.736206,5.725318,"Tesla K40c (0)","1","7","[CUDA memcpy HtoD]"
55,3.467276,0.021539,,,,,,,,,,126.934052,5.755202,"Tesla K40c (0)","1","7","[CUDA memcpy HtoD]"
55,3.488938,0.085287,,,,,,,,,,507.736206,5.813714,"Tesla K40c (0)","1","7","[CUDA memcpy HtoD]"
55,3.574231,3.384581,166375,1,1,128,1,1,58,7.200000e+03,0.000000,,,"Tesla K40c (0)","1","7","kernel_gpu_cuda(par_str, dim_str, box_str*, FOUR_VECTOR*, double*, FOUR_VECTOR*) [108]"
55,6.958853,0.087759,,,,,,,,,,507.736206,5.650004,"Tesla K40c (0)","1","7","[CUDA memcpy DtoH]"
56,3.436902,0.018735,,,,,,,,,,109.867188,5.726732,"Tesla K40c (0)","1","7","[CUDA memcpy HtoD]"
56,3.455760,0.091735,,,,,,,,,,535.937500,5.705317,"Tesla K40c (0)","1","7","[CUDA memcpy HtoD]"
56,3.547617,0.022956,,,,,,,,,,133.984375,5.699800,"Tesla K40c (0)","1","7","[CUDA memcpy HtoD]"
56,3.570717,0.090231,,,,,,,,,,535.937500,5.800438,"Tesla K40c (0)","1","7","[CUDA memcpy HtoD]"
56,3.660953,3.574932,175616,1,1,128,1,1,58,7.200000e+03,0.000000,,,"Tesla K40c (0)","1","7","kernel_gpu_cuda(par_str, dim_str, box_str*, FOUR_VECTOR*, double*, FOUR_VECTOR*) [108]"
56,7.235925,0.096073,,,,,,,,,,535.937500,5.447680,"Tesla K40c (0)","1","7","[CUDA memcpy DtoH]"
57,3.513650,0.020029,,,,,,,,,,115.858658,5.648957,"Tesla K40c (0)","1","7","[CUDA memcpy HtoD]"
57,3.533829,0.096266,,,,,,,,,,565.164185,5.733267,"Tesla K40c (0)","1","7","[CUDA memcpy HtoD]"
57,3.630218,0.023458,,,,,,,,,,141.291046,5.881976,"Tesla K40c (0)","1","7","[CUDA memcpy HtoD]"
57,3.653799,0.096437,,,,,,,,,,565.164185,5.723123,"Tesla K40c (0)","1","7","[CUDA memcpy HtoD]"
57,3.750242,3.773114,185193,1,1,128,1,1,58,7.200000e+03,0.000000,,,"Tesla K40c (0)","1","7","kernel_gpu_cuda(par_str, dim_str, box_str*, FOUR_VECTOR*, double*, FOUR_VECTOR*) [108]"
57,7.523396,0.096962,,,,,,,,,,565.164185,5.692105,"Tesla K40c (0)","1","7","[CUDA memcpy DtoH]"
58,3.596014,0.021095,,,,,,,,,,122.064087,5.650739,"Tesla K40c (0)","1","7","[CUDA memcpy HtoD]"
58,3.617228,0.102465,,,,,,,,,,595.434570,5.674882,"Tesla K40c (0)","1","7","[CUDA memcpy HtoD]"
58,3.719824,0.025593,,,,,,,,,,148.858643,5.679983,"Tesla K40c (0)","1","7","[CUDA memcpy HtoD]"
58,3.745548,0.101103,,,,,,,,,,595.434570,5.751338,"Tesla K40c (0)","1","7","[CUDA memcpy HtoD]"
58,3.846657,3.977329,195112,1,1,128,1,1,58,7.200000e+03,0.000000,,,"Tesla K40c (0)","1","7","kernel_gpu_cuda(par_str, dim_str, box_str*, FOUR_VECTOR*, double*, FOUR_VECTOR*) [108]"
58,7.824026,0.103452,,,,,,,,,,595.434570,5.620755,"Tesla K40c (0)","1","7","[CUDA memcpy DtoH]"
59,3.679124,0.021953,,,,,,,,,,128.487228,5.715563,"Tesla K40c (0)","1","7","[CUDA memcpy HtoD]"
59,3.701203,0.105977,,,,,,,,,,626.766968,5.775544,"Tesla K40c (0)","1","7","[CUDA memcpy HtoD]"
59,3.807305,0.026667,,,,,,,,,,156.691742,5.738095,"Tesla K40c (0)","1","7","[CUDA memcpy HtoD]"
59,3.834097,0.109622,,,,,,,,,,626.766968,5.583530,"Tesla K40c (0)","1","7","[CUDA memcpy HtoD]"
59,3.943725,4.189238,205379,1,1,128,1,1,58,7.200000e+03,0.000000,,,"Tesla K40c (0)","1","7","kernel_gpu_cuda(par_str, dim_str, box_str*, FOUR_VECTOR*, double*, FOUR_VECTOR*) [108]"
59,8.133003,0.109969,,,,,,,,,,626.766968,5.565887,"Tesla K40c (0)","1","7","[CUDA memcpy DtoH]"
60,3.770524,0.023243,,,,,,,,,,135.131836,5.677637,"Tesla K40c (0)","1","7","[CUDA memcpy HtoD]"
60,3.793894,0.110490,,,,,,,,,,659.179688,5.826157,"Tesla K40c (0)","1","7","[CUDA memcpy HtoD]"
60,3.904506,0.028025,,,,,,,,,,164.794922,5.742480,"Tesla K40c (0)","1","7","[CUDA memcpy HtoD]"
60,3.932653,0.110958,,,,,,,,,,659.179688,5.801552,"Tesla K40c (0)","1","7","[CUDA memcpy HtoD]"
60,4.043617,4.409663,216000,1,1,128,1,1,58,7.200000e+03,0.000000,,,"Tesla K40c (0)","1","7","kernel_gpu_cuda(par_str, dim_str, box_str*, FOUR_VECTOR*, double*, FOUR_VECTOR*) [108]"
60,8.453320,0.114897,,,,,,,,,,659.179688,5.602682,"Tesla K40c (0)","1","7","[CUDA memcpy DtoH]"
61,3.859716,0.024839,,,,,,,,,,142.001663,5.582977,"Tesla K40c (0)","1","7","[CUDA memcpy HtoD]"
61,3.884678,0.119036,,,,,,,,,,692.691040,5.682799,"Tesla K40c (0)","1","7","[CUDA memcpy HtoD]"
61,4.003836,0.029425,,,,,,,,,,173.172760,5.747338,"Tesla K40c (0)","1","7","[CUDA memcpy HtoD]"
61,4.033407,0.117289,,,,,,,,,,692.691040,5.767411,"Tesla K40c (0)","1","7","[CUDA memcpy HtoD]"
61,4.150702,4.636438,226981,1,1,128,1,1,58,7.200000e+03,0.000000,,,"Tesla K40c (0)","1","7","kernel_gpu_cuda(par_str, dim_str, box_str*, FOUR_VECTOR*, double*, FOUR_VECTOR*) [108]"
61,8.787184,0.120198,,,,,,,,,,692.691040,5.627828,"Tesla K40c (0)","1","7","[CUDA memcpy DtoH]"
62,3.948505,0.025243,,,,,,,,,,149.100464,5.768058,"Tesla K40c (0)","1","7","[CUDA memcpy HtoD]"
62,3.973871,0.123955,,,,,,,,,,727.319336,5.730096,"Tesla K40c (0)","1","7","[CUDA memcpy HtoD]"
62,4.097949,0.031205,,,,,,,,,,181.829834,5.690376,"Tesla K40c (0)","1","7","[CUDA memcpy HtoD]"
62,4.129280,0.122991,,,,,,,,,,727.319336,5.775017,"Tesla K40c (0)","1","7","[CUDA memcpy HtoD]"
62,4.252295,4.871005,238328,1,1,128,1,1,58,7.200000e+03,0.000000,,,"Tesla K40c (0)","1","7","kernel_gpu_cuda(par_str, dim_str, box_str*, FOUR_VECTOR*, double*, FOUR_VECTOR*) [108]"
62,9.123340,0.125357,,,,,,,,,,727.319336,5.665990,"Tesla K40c (0)","1","7","[CUDA memcpy DtoH]"
63,4.042594,0.026241,,,,,,,,,,156.431992,5.821697,"Tesla K40c (0)","1","7","[CUDA memcpy HtoD]"
63,4.068954,0.130405,,,,,,,,,,763.082886,5.714507,"Tesla K40c (0)","1","7","[CUDA memcpy HtoD]"
63,4.199486,0.032103,,,,,,,,,,190.770721,5.803161,"Tesla K40c (0)","1","7","[CUDA memcpy HtoD]"
63,4.231712,0.131463,,,,,,,,,,763.082886,5.668498,"Tesla K40c (0)","1","7","[CUDA memcpy HtoD]"
63,4.363181,5.112224,250047,1,1,128,1,1,58,7.200000e+03,0.000000,,,"Tesla K40c (0)","1","7","kernel_gpu_cuda(par_str, dim_str, box_str*, FOUR_VECTOR*, double*, FOUR_VECTOR*) [108]"
63,9.475445,0.131318,,,,,,,,,,763.082886,5.674779,"Tesla K40c (0)","1","7","[CUDA memcpy DtoH]"
64,4.096961,0.027367,,,,,,,,,,164.000000,5.852173,"Tesla K40c (0)","1","7","[CUDA memcpy HtoD]"
64,4.124453,0.132562,,,,,,,,,,800.000000,5.893451,"Tesla K40c (0)","1","7","[CUDA memcpy HtoD]"
64,4.257141,0.033033,,,,,,,,,,200.000000,5.912728,"Tesla K40c (0)","1","7","[CUDA memcpy HtoD]"
64,4.290297,0.132131,,,,,,,,,,800.000000,5.912685,"Tesla K40c (0)","1","7","[CUDA memcpy HtoD]"
64,4.422435,5.362323,262144,1,1,128,1,1,58,7.200000e+03,0.000000,,,"Tesla K40c (0)","1","7","kernel_gpu_cuda(par_str, dim_str, box_str*, FOUR_VECTOR*, double*, FOUR_VECTOR*) [108]"
64,9.784795,0.136448,,,,,,,,,,800.000000,5.725629,"Tesla K40c (0)","1","7","[CUDA memcpy DtoH]"
65,4.207390,0.028764,,,,,,,,,,171.808243,5.833091,"Tesla K40c (0)","1","7","[CUDA memcpy HtoD]"
65,4.236276,0.139586,,,,,,,,,,838.088989,5.863382,"Tesla K40c (0)","1","7","[CUDA memcpy HtoD]"
65,4.375986,0.034768,,,,,,,,,,209.522247,5.885005,"Tesla K40c (0)","1","7","[CUDA memcpy HtoD]"
65,4.410880,0.140279,,,,,,,,,,838.088989,5.834410,"Tesla K40c (0)","1","7","[CUDA memcpy HtoD]"
65,4.551165,5.622886,274625,1,1,128,1,1,58,7.200000e+03,0.000000,,,"Tesla K40c (0)","1","7","kernel_gpu_cuda(par_str, dim_str, box_str*, FOUR_VECTOR*, double*, FOUR_VECTOR*) [108]"
65,10.174088,0.142225,,,,,,,,,,838.088989,5.754582,"Tesla K40c (0)","1","7","[CUDA memcpy DtoH]"
66,4.308281,0.030777,,,,,,,,,,179.860474,5.707061,"Tesla K40c (0)","1","7","[CUDA memcpy HtoD]"
66,4.339183,0.147364,,,,,,,,,,877.368164,5.814204,"Tesla K40c (0)","1","7","[CUDA memcpy HtoD]"
66,4.486670,0.036091,,,,,,,,,,219.342041,5.934998,"Tesla K40c (0)","1","7","[CUDA memcpy HtoD]"
66,4.522894,0.145968,,,,,,,,,,877.368164,5.869832,"Tesla K40c (0)","1","7","[CUDA memcpy HtoD]"
66,4.668867,5.888456,287496,1,1,128,1,1,58,7.200000e+03,0.000000,,,"Tesla K40c (0)","1","7","kernel_gpu_cuda(par_str, dim_str, box_str*, FOUR_VECTOR*, double*, FOUR_VECTOR*) [108]"
66,10.557361,0.152372,,,,,,,,,,877.368164,5.623104,"Tesla K40c (0)","1","7","[CUDA memcpy DtoH]"
67,4.412062,0.031249,,,,,,,,,,188.160446,5.880116,"Tesla K40c (0)","1","7","[CUDA memcpy HtoD]"
67,4.443434,0.152191,,,,,,,,,,917.855835,5.889592,"Tesla K40c (0)","1","7","[CUDA memcpy HtoD]"
67,4.595748,0.037785,,,,,,,,,,229.463959,5.930574,"Tesla K40c (0)","1","7","[CUDA memcpy HtoD]"
67,4.633656,0.152174,,,,,,,,,,917.855835,5.890263,"Tesla K40c (0)","1","7","[CUDA memcpy HtoD]"
67,4.785836,6.162546,300763,1,1,128,1,1,58,7.200000e+03,0.000000,,,"Tesla K40c (0)","1","7","kernel_gpu_cuda(par_str, dim_str, box_str*, FOUR_VECTOR*, double*, FOUR_VECTOR*) [108]"
67,10.948420,0.157638,,,,,,,,,,917.855835,5.686072,"Tesla K40c (0)","1","7","[CUDA memcpy DtoH]"
68,4.517147,0.033171,,,,,,,,,,196.711914,5.791255,"Tesla K40c (0)","1","7","[CUDA memcpy HtoD]"
68,4.550446,0.159991,,,,,,,,,,959.570312,5.857092,"Tesla K40c (0)","1","7","[CUDA memcpy HtoD]"
68,4.710559,0.039780,,,,,,,,,,239.892578,5.889168,"Tesla K40c (0)","1","7","[CUDA memcpy HtoD]"
68,4.750462,0.159692,,,,,,,,,,959.570312,5.868047,"Tesla K40c (0)","1","7","[CUDA memcpy HtoD]"
68,4.910160,6.447192,314432,1,1,128,1,1,58,7.200000e+03,0.000000,,,"Tesla K40c (0)","1","7","kernel_gpu_cuda(par_str, dim_str, box_str*, FOUR_VECTOR*, double*, FOUR_VECTOR*) [108]"
68,11.357391,0.164396,,,,,,,,,,959.570312,5.700156,"Tesla K40c (0)","1","7","[CUDA memcpy DtoH]"
69,4.639406,0.035363,,,,,,,,,,0.200702,5.675395,"Tesla K40c (0)","1","7","[CUDA memcpy HtoD]"
69,4.674896,0.167209,,,,,,,,,,0.979033,5.855142,"Tesla K40c (0)","1","7","[CUDA memcpy HtoD]"
69,4.842228,0.041399,,,,,,,,,,0.244758,5.912234,"Tesla K40c (0)","1","7","[CUDA memcpy HtoD]"
69,4.883750,0.165941,,,,,,,,,,0.979033,5.899894,"Tesla K40c (0)","1","7","[CUDA memcpy HtoD]"
69,5.049696,6.738486,328509,1,1,128,1,1,58,7.200000e+03,0.000000,,,"Tesla K40c (0)","1","7","kernel_gpu_cuda(par_str, dim_str, box_str*, FOUR_VECTOR*, double*, FOUR_VECTOR*) [108]"
69,11.788218,0.170765,,,,,,,,,,0.979033,5.733218,"Tesla K40c (0)","1","7","[CUDA memcpy DtoH]"
70,4.770675,0.035837,,,,,,,,,,0.209555,5.847465,"Tesla K40c (0)","1","7","[CUDA memcpy HtoD]"
70,4.806635,0.174145,,,,,,,,,,1.022220,5.869927,"Tesla K40c (0)","1","7","[CUDA memcpy HtoD]"
70,4.980904,0.043563,,,,,,,,,,0.255555,5.866357,"Tesla K40c (0)","1","7","[CUDA memcpy HtoD]"
70,5.024590,0.173053,,,,,,,,,,1.022220,5.906964,"Tesla K40c (0)","1","7","[CUDA memcpy HtoD]"
70,5.197649,7.039096,343000,1,1,128,1,1,58,7.200000e+03,0.000000,,,"Tesla K40c (0)","1","7","kernel_gpu_cuda(par_str, dim_str, box_str*, FOUR_VECTOR*, double*, FOUR_VECTOR*) [108]"
70,12.236782,0.183719,,,,,,,,,,1.022220,5.564036,"Tesla K40c (0)","1","7","[CUDA memcpy DtoH]"
71,4.869741,0.036917,,,,,,,,,,0.218665,5.923155,"Tesla K40c (0)","1","7","[CUDA memcpy HtoD]"
71,4.906781,0.178678,,,,,,,,,,1.066658,5.969722,"Tesla K40c (0)","1","7","[CUDA memcpy HtoD]"
71,5.085582,0.044946,,,,,,,,,,0.266664,5.932964,"Tesla K40c (0)","1","7","[CUDA memcpy HtoD]"
71,5.130649,0.179273,,,,,,,,,,1.066658,5.949900,"Tesla K40c (0)","1","7","[CUDA memcpy HtoD]"
71,5.309928,7.349839,357911,1,1,128,1,1,58,7.200000e+03,0.000000,,,"Tesla K40c (0)","1","7","kernel_gpu_cuda(par_str, dim_str, box_str*, FOUR_VECTOR*, double*, FOUR_VECTOR*) [108]"
71,12.659804,0.188492,,,,,,,,,,1.066658,5.658905,"Tesla K40c (0)","1","7","[CUDA memcpy DtoH]"
72,4.986802,0.038766,,,,,,,,,,0.228035,5.882280,"Tesla K40c (0)","1","7","[CUDA memcpy HtoD]"
72,5.025693,0.188085,,,,,,,,,,1.112366,5.914156,"Tesla K40c (0)","1","7","[CUDA memcpy HtoD]"
72,5.213901,0.047134,,,,,,,,,,0.278091,5.900060,"Tesla K40c (0)","1","7","[CUDA memcpy HtoD]"
72,5.261156,0.186647,,,,,,,,,,1.112366,5.959728,"Tesla K40c (0)","1","7","[CUDA memcpy HtoD]"
72,5.447809,7.669385,373248,1,1,128,1,1,58,7.200000e+03,0.000000,,,"Tesla K40c (0)","1","7","kernel_gpu_cuda(par_str, dim_str, box_str*, FOUR_VECTOR*, double*, FOUR_VECTOR*) [108]"
72,13.117233,0.193723,,,,,,,,,,1.112366,5.742048,"Tesla K40c (0)","1","7","[CUDA memcpy DtoH]"
73,5.126319,0.040282,,,,,,,,,,0.237669,5.900133,"Tesla K40c (0)","1","7","[CUDA memcpy HtoD]"
73,5.166723,0.195983,,,,,,,,,,1.159361,5.915624,"Tesla K40c (0)","1","7","[CUDA memcpy HtoD]"
73,5.362828,0.048934,,,,,,,,,,0.289840,5.923123,"Tesla K40c (0)","1","7","[CUDA memcpy HtoD]"
73,5.411883,0.196310,,,,,,,,,,1.159361,5.905773,"Tesla K40c (0)","1","7","[CUDA memcpy HtoD]"
73,5.608199,8.145636,389017,1,1,128,1,1,58,7.200000e+03,0.000000,,,"Tesla K40c (0)","1","7","kernel_gpu_cuda(par_str, dim_str, box_str*, FOUR_VECTOR*, double*, FOUR_VECTOR*) [108]"
73,13.753872,0.202635,,,,,,,,,,1.159361,5.721421,"Tesla K40c (0)","1","7","[CUDA memcpy DtoH]"
74,5.252162,0.041881,,,,,,,,,,0.247571,5.911223,"Tesla K40c (0)","1","7","[CUDA memcpy HtoD]"
74,5.294164,0.202992,,,,,,,,,,1.207662,5.949313,"Tesla K40c (0)","1","7","[CUDA memcpy HtoD]"
74,5.497316,0.050959,,,,,,,,,,0.301915,5.924625,"Tesla K40c (0)","1","7","[CUDA memcpy HtoD]"
74,5.548399,0.205821,,,,,,,,,,1.207662,5.867532,"Tesla K40c (0)","1","7","[CUDA memcpy HtoD]"
74,5.754226,8.488277,405224,1,1,128,1,1,58,7.200000e+03,0.000000,,,"Tesla K40c (0)","1","7","kernel_gpu_cuda(par_str, dim_str, box_str*, FOUR_VECTOR*, double*, FOUR_VECTOR*) [108]"
74,14.242546,0.211219,,,,,,,,,,1.207662,5.717586,"Tesla K40c (0)","1","7","[CUDA memcpy DtoH]"
75,5.387450,0.043916,,,,,,,,,,0.257744,5.868993,"Tesla K40c (0)","1","7","[CUDA memcpy HtoD]"
75,5.431513,0.213811,,,,,,,,,,1.257285,5.880363,"Tesla K40c (0)","1","7","[CUDA memcpy HtoD]"
75,5.645445,0.052595,,,,,,,,,,0.314321,5.976239,"Tesla K40c (0)","1","7","[CUDA memcpy HtoD]"
75,5.698162,0.214144,,,,,,,,,,1.257285,5.871202,"Tesla K40c (0)","1","7","[CUDA memcpy HtoD]"
75,5.912313,8.843112,421875,1,1,128,1,1,58,7.200000e+03,0.000000,,,"Tesla K40c (0)","1","7","kernel_gpu_cuda(par_str, dim_str, box_str*, FOUR_VECTOR*, double*, FOUR_VECTOR*) [108]"
75,14.755462,0.220703,,,,,,,,,,1.257285,5.696721,"Tesla K40c (0)","1","7","[CUDA memcpy DtoH]"
76,5.530586,0.045498,,,,,,,,,,0.268191,5.894526,"Tesla K40c (0)","1","7","[CUDA memcpy HtoD]"
76,5.576207,0.221994,,,,,,,,,,1.308250,5.893177,"Tesla K40c (0)","1","7","[CUDA memcpy HtoD]"
76,5.798323,0.055054,,,,,,,,,,0.327063,5.940796,"Tesla K40c (0)","1","7","[CUDA memcpy HtoD]"
76,5.853501,0.221242,,,,,,,,,,1.308250,5.913210,"Tesla K40c (0)","1","7","[CUDA memcpy HtoD]"
76,6.074749,9.206913,438976,1,1,128,1,1,58,7.200000e+03,0.000000,,,"Tesla K40c (0)","1","7","kernel_gpu_cuda(par_str, dim_str, box_str*, FOUR_VECTOR*, double*, FOUR_VECTOR*) [108]"
76,15.281699,0.229749,,,,,,,,,,1.308250,5.694265,"Tesla K40c (0)","1","7","[CUDA memcpy DtoH]"
77,5.661812,0.047347,,,,,,,,,,0.278918,5.890958,"Tesla K40c (0)","1","7","[CUDA memcpy HtoD]"
77,5.709281,0.231684,,,,,,,,,,1.360574,5.872547,"Tesla K40c (0)","1","7","[CUDA memcpy HtoD]"
77,5.941088,0.057410,,,,,,,,,,0.340144,5.924773,"Tesla K40c (0)","1","7","[CUDA memcpy HtoD]"
77,5.998619,0.229995,,,,,,,,,,1.360574,5.915659,"Tesla K40c (0)","1","7","[CUDA memcpy HtoD]"
77,6.228621,9.397830,456533,1,1,128,1,1,58,7.200000e+03,0.000000,,,"Tesla K40c (0)","1","7","kernel_gpu_cuda(par_str, dim_str, box_str*, FOUR_VECTOR*, double*, FOUR_VECTOR*) [108]"
77,15.626489,0.238027,,,,,,,,,,1.360574,5.716051,"Tesla K40c (0)","1","7","[CUDA memcpy DtoH]"
78,5.811438,0.048872,,,,,,,,,,0.289926,5.932394,"Tesla K40c (0)","1","7","[CUDA memcpy HtoD]"
78,5.860432,0.240653,,,,,,,,,,1.414275,5.876828,"Tesla K40c (0)","1","7","[CUDA memcpy HtoD]"
78,6.101236,0.059492,,,,,,,,,,0.353569,5.943158,"Tesla K40c (0)","1","7","[CUDA memcpy HtoD]"
78,6.160847,0.237130,,,,,,,,,,1.414275,5.964141,"Tesla K40c (0)","1","7","[CUDA memcpy HtoD]"
78,6.397983,9.961652,474552,1,1,128,1,1,58,7.200000e+03,0.000000,,,"Tesla K40c (0)","1","7","kernel_gpu_cuda(par_str, dim_str, box_str*, FOUR_VECTOR*, double*, FOUR_VECTOR*) [108]"
78,16.359671,0.249019,,,,,,,,,,1.414275,5.679388,"Tesla K40c (0)","1","7","[CUDA memcpy DtoH]"
79,5.955449,0.051136,,,,,,,,,,0.301221,5.890594,"Tesla K40c (0)","1","7","[CUDA memcpy HtoD]"
79,6.006707,0.249964,,,,,,,,,,1.469371,5.878327,"Tesla K40c (0)","1","7","[CUDA memcpy HtoD]"
79,6.256793,0.064887,,,,,,,,,,0.367343,5.661236,"Tesla K40c (0)","1","7","[CUDA memcpy HtoD]"
79,6.321803,0.247981,,,,,,,,,,1.469371,5.925328,"Tesla K40c (0)","1","7","[CUDA memcpy HtoD]"
79,6.569790,10.350749,493039,1,1,128,1,1,58,7.200000e+03,0.000000,,,"Tesla K40c (0)","1","7","kernel_gpu_cuda(par_str, dim_str, box_str*, FOUR_VECTOR*, double*, FOUR_VECTOR*) [108]"
79,16.920577,0.256417,,,,,,,,,,1.469371,5.730385,"Tesla K40c (0)","1","7","[CUDA memcpy DtoH]"
80,6.122175,0.053724,,,,,,,,,,0.312805,5.822488,"Tesla K40c (0)","1","7","[CUDA memcpy HtoD]"
80,6.176021,0.257414,,,,,,,,,,1.525879,5.927714,"Tesla K40c (0)","1","7","[CUDA memcpy HtoD]"
80,6.433559,0.064410,,,,,,,,,,0.381470,5.922500,"Tesla K40c (0)","1","7","[CUDA memcpy HtoD]"
80,6.498092,0.257566,,,,,,,,,,1.525879,5.924218,"Tesla K40c (0)","1","7","[CUDA memcpy HtoD]"
80,6.755664,10.751879,512000,1,1,128,1,1,58,7.200000e+03,0.000000,,,"Tesla K40c (0)","1","7","kernel_gpu_cuda(par_str, dim_str, box_str*, FOUR_VECTOR*, double*, FOUR_VECTOR*) [108]"
80,17.507581,0.270809,,,,,,,,,,1.525879,5.634525,"Tesla K40c (0)","1","7","[CUDA memcpy DtoH]"
81,6.285618,0.054846,,,,,,,,,,0.324683,5.919921,"Tesla K40c (0)","1","7","[CUDA memcpy HtoD]"
81,6.340586,0.266555,,,,,,,,,,1.583818,5.941793,"Tesla K40c (0)","1","7","[CUDA memcpy HtoD]"
81,6.607265,0.066891,,,,,,,,,,0.395954,5.919422,"Tesla K40c (0)","1","7","[CUDA memcpy HtoD]"
81,6.674278,0.267161,,,,,,,,,,1.583818,5.928318,"Tesla K40c (0)","1","7","[CUDA memcpy HtoD]"
81,6.941445,11.163915,531441,1,1,128,1,1,58,7.200000e+03,0.000000,,,"Tesla K40c (0)","1","7","kernel_gpu_cuda(par_str, dim_str, box_str*, FOUR_VECTOR*, double*, FOUR_VECTOR*) [108]"
81,18.105399,0.278511,,,,,,,,,,1.583818,5.686736,"Tesla K40c (0)","1","7","[CUDA memcpy DtoH]"
82,6.462358,0.057112,,,,,,,,,,0.336857,5.898198,"Tesla K40c (0)","1","7","[CUDA memcpy HtoD]"
82,6.519593,0.276950,,,,,,,,,,1.643205,5.933227,"Tesla K40c (0)","1","7","[CUDA memcpy HtoD]"
82,6.796662,0.069306,,,,,,,,,,0.410801,5.927328,"Tesla K40c (0)","1","7","[CUDA memcpy HtoD]"
82,6.866092,0.277943,,,,,,,,,,1.643205,5.912026,"Tesla K40c (0)","1","7","[CUDA memcpy HtoD]"
82,7.144040,11.372694,551368,1,1,128,1,1,58,7.200000e+03,0.000000,,,"Tesla K40c (0)","1","7","kernel_gpu_cuda(par_str, dim_str, box_str*, FOUR_VECTOR*, double*, FOUR_VECTOR*) [108]"
82,18.516773,0.290565,,,,,,,,,,1.643205,5.655201,"Tesla K40c (0)","1","7","[CUDA memcpy DtoH]"
83,6.589029,0.059436,,,,,,,,,,0.349332,5.877457,"Tesla K40c (0)","1","7","[CUDA memcpy HtoD]"
83,6.648587,0.287892,,,,,,,,,,1.704058,5.919087,"Tesla K40c (0)","1","7","[CUDA memcpy HtoD]"
83,6.936603,0.071598,,,,,,,,,,0.426015,5.950087,"Tesla K40c (0)","1","7","[CUDA memcpy HtoD]"
83,7.008323,0.288157,,,,,,,,,,1.704058,5.913639,"Tesla K40c (0)","1","7","[CUDA memcpy HtoD]"
83,7.296487,12.025571,571787,1,1,128,1,1,58,7.200000e+03,0.000000,,,"Tesla K40c (0)","1","7","kernel_gpu_cuda(par_str, dim_str, box_str*, FOUR_VECTOR*, double*, FOUR_VECTOR*) [108]"
83,19.322095,0.300560,,,,,,,,,,1.704058,5.669618,"Tesla K40c (0)","1","7","[CUDA memcpy DtoH]"
84,6.732437,0.062163,,,,,,,,,,0.362111,5.825182,"Tesla K40c (0)","1","7","[CUDA memcpy HtoD]"
84,6.794724,0.301189,,,,,,,,,,1.766396,5.864741,"Tesla K40c (0)","1","7","[CUDA memcpy HtoD]"
84,7.096036,0.074675,,,,,,,,,,0.441599,5.913579,"Tesla K40c (0)","1","7","[CUDA memcpy HtoD]"
84,7.170835,0.298488,,,,,,,,,,1.766396,5.917819,"Tesla K40c (0)","1","7","[CUDA memcpy HtoD]"
84,7.469329,12.464260,592704,1,1,128,1,1,58,7.200000e+03,0.000000,,,"Tesla K40c (0)","1","7","kernel_gpu_cuda(par_str, dim_str, box_str*, FOUR_VECTOR*, double*, FOUR_VECTOR*) [108]"
84,19.933627,0.307712,,,,,,,,,,1.766396,5.740424,"Tesla K40c (0)","1","7","[CUDA memcpy DtoH]"
85,6.926248,0.064076,,,,,,,,,,0.375198,5.855550,"Tesla K40c (0)","1","7","[CUDA memcpy HtoD]"
85,6.990446,0.307644,,,,,,,,,,1.830235,5.949204,"Tesla K40c (0)","1","7","[CUDA memcpy HtoD]"
85,7.298214,0.076931,,,,,,,,,,0.457559,5.947661,"Tesla K40c (0)","1","7","[CUDA memcpy HtoD]"
85,7.375267,0.310049,,,,,,,,,,1.830235,5.903060,"Tesla K40c (0)","1","7","[CUDA memcpy HtoD]"
85,7.685322,12.678000,614125,1,1,128,1,1,58,7.200000e+03,0.000000,,,"Tesla K40c (0)","1","7","kernel_gpu_cuda(par_str, dim_str, box_str*, FOUR_VECTOR*, double*, FOUR_VECTOR*) [108]"
85,20.363358,0.319736,,,,,,,,,,1.830235,5.724213,"Tesla K40c (0)","1","7","[CUDA memcpy DtoH]"
86,7.107087,0.065519,,,,,,,,,,0.388597,5.931026,"Tesla K40c (0)","1","7","[CUDA memcpy HtoD]"
86,7.172729,0.320106,,,,,,,,,,1.895595,5.921772,"Tesla K40c (0)","1","7","[CUDA memcpy HtoD]"
86,7.492957,0.079604,,,,,,,,,,0.473899,5.953178,"Tesla K40c (0)","1","7","[CUDA memcpy HtoD]"
86,7.572683,0.322427,,,,,,,,,,1.895595,5.879147,"Tesla K40c (0)","1","7","[CUDA memcpy HtoD]"
86,7.895116,13.133278,636056,1,1,128,1,1,58,7.200000e+03,0.000000,,,"Tesla K40c (0)","1","7","kernel_gpu_cuda(par_str, dim_str, box_str*, FOUR_VECTOR*, double*, FOUR_VECTOR*) [108]"
86,21.028433,0.333219,,,,,,,,,,1.895595,5.688730,"Tesla K40c (0)","1","7","[CUDA memcpy DtoH]"
87,7.295370,0.068131,,,,,,,,,,0.402311,5.904974,"Tesla K40c (0)","1","7","[CUDA memcpy HtoD]"
87,7.363622,0.330212,,,,,,,,,,1.962492,5.943120,"Tesla K40c (0)","1","7","[CUDA memcpy HtoD]"
87,7.693959,0.082630,,,,,,,,,,0.490623,5.937555,"Tesla K40c (0)","1","7","[CUDA memcpy HtoD]"
87,7.776711,0.329862,,,,,,,,,,1.962492,5.949439,"Tesla K40c (0)","1","7","[CUDA memcpy HtoD]"
87,8.106578,13.604392,658503,1,1,128,1,1,58,7.200000e+03,0.000000,,,"Tesla K40c (0)","1","7","kernel_gpu_cuda(par_str, dim_str, box_str*, FOUR_VECTOR*, double*, FOUR_VECTOR*) [108]"
87,21.711008,0.345175,,,,,,,,,,1.962492,5.685496,"Tesla K40c (0)","1","7","[CUDA memcpy DtoH]"
88,7.478099,0.070847,,,,,,,,,,0.416344,5.876641,"Tesla K40c (0)","1","7","[CUDA memcpy HtoD]"
88,7.549069,0.345270,,,,,,,,,,2.030945,5.882191,"Tesla K40c (0)","1","7","[CUDA memcpy HtoD]"
88,7.894468,0.086438,,,,,,,,,,0.507736,5.873994,"Tesla K40c (0)","1","7","[CUDA memcpy HtoD]"
88,7.981031,0.344876,,,,,,,,,,2.030945,5.888920,"Tesla K40c (0)","1","7","[CUDA memcpy HtoD]"
88,8.325913,14.352494,681472,1,1,128,1,1,58,7.200000e+03,0.000000,,,"Tesla K40c (0)","1","7","kernel_gpu_cuda(par_str, dim_str, box_str*, FOUR_VECTOR*, double*, FOUR_VECTOR*) [108]"
88,22.678445,0.358324,,,,,,,,,,2.030945,5.667899,"Tesla K40c (0)","1","7","[CUDA memcpy DtoH]"
89,7.663954,0.072757,,,,,,,,,,0.430699,5.919683,"Tesla K40c (0)","1","7","[CUDA memcpy HtoD]"
89,7.736834,0.354876,,,,,,,,,,2.100971,5.920295,"Tesla K40c (0)","1","7","[CUDA memcpy HtoD]"
89,8.091832,0.089204,,,,,,,,,,0.525243,5.888097,"Tesla K40c (0)","1","7","[CUDA memcpy HtoD]"
89,8.181160,0.356078,,,,,,,,,,2.100971,5.900317,"Tesla K40c (0)","1","7","[CUDA memcpy HtoD]"
89,8.537244,14.850824,704969,1,1,128,1,1,58,7.200000e+03,0.000000,,,"Tesla K40c (0)","1","7","kernel_gpu_cuda(par_str, dim_str, box_str*, FOUR_VECTOR*, double*, FOUR_VECTOR*) [108]"
89,23.388106,0.370978,,,,,,,,,,2.100971,5.663326,"Tesla K40c (0)","1","7","[CUDA memcpy DtoH]"
90,7.842518,0.075555,,,,,,,,,,0.445381,5.894821,"Tesla K40c (0)","1","7","[CUDA memcpy HtoD]"
90,7.918197,0.366501,,,,,,,,,,2.172589,5.927929,"Tesla K40c (0)","1","7","[CUDA memcpy HtoD]"
90,8.284822,0.091364,,,,,,,,,,0.543147,5.944870,"Tesla K40c (0)","1","7","[CUDA memcpy HtoD]"
90,8.376350,0.366908,,,,,,,,,,2.172589,5.921346,"Tesla K40c (0)","1","7","[CUDA memcpy HtoD]"
90,8.743264,15.358443,729000,1,1,128,1,1,58,7.200000e+03,0.000000,,,"Tesla K40c (0)","1","7","kernel_gpu_cuda(par_str, dim_str, box_str*, FOUR_VECTOR*, double*, FOUR_VECTOR*) [108]"
90,24.101747,0.379909,,,,,,,,,,2.172589,5.718715,"Tesla K40c (0)","1","7","[CUDA memcpy DtoH]"
91,8.051882,0.078035,,,,,,,,,,0.460392,5.899848,"Tesla K40c (0)","1","7","[CUDA memcpy HtoD]"
91,8.130038,0.377307,,,,,,,,,,2.245817,5.952227,"Tesla K40c (0)","1","7","[CUDA memcpy HtoD]"
91,8.507466,0.094195,,,,,,,,,,0.561454,5.960563,"Tesla K40c (0)","1","7","[CUDA memcpy HtoD]"
91,8.601782,0.377508,,,,,,,,,,2.245817,5.949052,"Tesla K40c (0)","1","7","[CUDA memcpy HtoD]"
91,8.979296,15.881534,753571,1,1,128,1,1,58,7.200000e+03,0.000000,,,"Tesla K40c (0)","1","7","kernel_gpu_cuda(par_str, dim_str, box_str*, FOUR_VECTOR*, double*, FOUR_VECTOR*) [108]"
91,24.860868,0.396905,,,,,,,,,,2.245817,5.658324,"Tesla K40c (0)","1","7","[CUDA memcpy DtoH]"
92,8.229352,0.080584,,,,,,,,,,0.475738,5.903646,"Tesla K40c (0)","1","7","[CUDA memcpy HtoD]"
92,8.310058,0.395653,,,,,,,,,,2.320671,5.865424,"Tesla K40c (0)","1","7","[CUDA memcpy HtoD]"
92,8.705834,0.098136,,,,,,,,,,0.580168,5.911899,"Tesla K40c (0)","1","7","[CUDA memcpy HtoD]"
92,8.804092,0.392312,,,,,,,,,,2.320671,5.915373,"Tesla K40c (0)","1","7","[CUDA memcpy HtoD]"
92,9.196410,16.408231,778688,1,1,128,1,1,58,7.200000e+03,0.000000,,,"Tesla K40c (0)","1","7","kernel_gpu_cuda(par_str, dim_str, box_str*, FOUR_VECTOR*, double*, FOUR_VECTOR*) [108]"
92,25.604679,0.411451,,,,,,,,,,2.320671,5.640210,"Tesla K40c (0)","1","7","[CUDA memcpy DtoH]"
93,8.426711,0.083160,,,,,,,,,,0.491420,5.909328,"Tesla K40c (0)","1","7","[CUDA memcpy HtoD]"
93,8.509995,0.403954,,,,,,,,,,2.397171,5.934265,"Tesla K40c (0)","1","7","[CUDA memcpy HtoD]"
93,8.914071,0.100754,,,,,,,,,,0.599293,5.948077,"Tesla K40c (0)","1","7","[CUDA memcpy HtoD]"
93,9.014948,0.404668,,,,,,,,,,2.397171,5.923794,"Tesla K40c (0)","1","7","[CUDA memcpy HtoD]"
93,9.419622,16.955482,804357,1,1,128,1,1,58,7.200000e+03,0.000000,,,"Tesla K40c (0)","1","7","kernel_gpu_cuda(par_str, dim_str, box_str*, FOUR_VECTOR*, double*, FOUR_VECTOR*) [108]"
93,26.375141,0.423169,,,,,,,,,,2.397171,5.664804,"Tesla K40c (0)","1","7","[CUDA memcpy DtoH]"
94,8.691777,0.086194,,,,,,,,,,0.507443,5.887249,"Tesla K40c (0)","1","7","[CUDA memcpy HtoD]"
94,8.778094,0.417946,,,,,,,,,,2.475333,5.922617,"Tesla K40c (0)","1","7","[CUDA memcpy HtoD]"
94,9.196164,0.107290,,,,,,,,,,0.618833,5.767861,"Tesla K40c (0)","1","7","[CUDA memcpy HtoD]"
94,9.303578,0.420542,,,,,,,,,,2.475333,5.886048,"Tesla K40c (0)","1","7","[CUDA memcpy HtoD]"
94,9.724127,17.510588,830584,1,1,128,1,1,58,7.200000e+03,0.000000,,,"Tesla K40c (0)","1","7","kernel_gpu_cuda(par_str, dim_str, box_str*, FOUR_VECTOR*, double*, FOUR_VECTOR*) [108]"
94,27.234752,0.436003,,,,,,,,,,2.475333,5.677332,"Tesla K40c (0)","1","7","[CUDA memcpy DtoH]"
95,8.915260,0.089133,,,,,,,,,,0.523811,5.876724,"Tesla K40c (0)","1","7","[CUDA memcpy HtoD]"
95,9.004520,0.433044,,,,,,,,,,2.555177,5.900499,"Tesla K40c (0)","1","7","[CUDA memcpy HtoD]"
95,9.437688,0.108509,,,,,,,,,,0.638794,5.887003,"Tesla K40c (0)","1","7","[CUDA memcpy HtoD]"
95,9.546321,0.434677,,,,,,,,,,2.555177,5.878336,"Tesla K40c (0)","1","7","[CUDA memcpy HtoD]"
95,9.981004,17.740945,857375,1,1,128,1,1,58,7.200000e+03,0.000000,,,"Tesla K40c (0)","1","7","kernel_gpu_cuda(par_str, dim_str, box_str*, FOUR_VECTOR*, double*, FOUR_VECTOR*) [108]"
95,27.721988,0.446455,,,,,,,,,,2.555177,5.723257,"Tesla K40c (0)","1","7","[CUDA memcpy DtoH]"
96,9.132489,0.092322,,,,,,,,,,0.540527,5.854794,"Tesla K40c (0)","1","7","[CUDA memcpy HtoD]"
96,9.224933,0.450388,,,,,,,,,,2.636719,5.854332,"Tesla K40c (0)","1","7","[CUDA memcpy HtoD]"
96,9.675445,0.111690,,,,,,,,,,0.659180,5.901873,"Tesla K40c (0)","1","7","[CUDA memcpy HtoD]"
96,9.787258,0.448326,,,,,,,,,,2.636719,5.881257,"Tesla K40c (0)","1","7","[CUDA memcpy HtoD]"
96,10.235590,18.311660,884736,1,1,128,1,1,58,7.200000e+03,0.000000,,,"Tesla K40c (0)","1","7","kernel_gpu_cuda(par_str, dim_str, box_str*, FOUR_VECTOR*, double*, FOUR_VECTOR*) [108]"
96,28.547289,0.455888,,,,,,,,,,2.636719,5.783700,"Tesla K40c (0)","1","7","[CUDA memcpy DtoH]"
97,9.340389,0.094815,,,,,,,,,,0.557595,5.880863,"Tesla K40c (0)","1","7","[CUDA memcpy HtoD]"
97,9.435328,0.461678,,,,,,,,,,2.719977,5.891504,"Tesla K40c (0)","1","7","[CUDA memcpy HtoD]"
97,9.897127,0.115131,,,,,,,,,,0.679994,5.906255,"Tesla K40c (0)","1","7","[CUDA memcpy HtoD]"
97,10.012380,0.458983,,,,,,,,,,2.719977,5.926097,"Tesla K40c (0)","1","7","[CUDA memcpy HtoD]"
97,10.471369,19.257584,912673,1,1,128,1,1,58,7.200000e+03,0.000000,,,"Tesla K40c (0)","1","7","kernel_gpu_cuda(par_str, dim_str, box_str*, FOUR_VECTOR*, double*, FOUR_VECTOR*) [108]"
97,29.728991,0.479774,,,,,,,,,,2.719977,5.669291,"Tesla K40c (0)","1","7","[CUDA memcpy DtoH]"
98,9.566551,0.098044,,,,,,,,,,0.575019,5.864886,"Tesla K40c (0)","1","7","[CUDA memcpy HtoD]"
98,9.664718,0.476450,,,,,,,,,,2.804971,5.887233,"Tesla K40c (0)","1","7","[CUDA memcpy HtoD]"
98,10.141298,0.118717,,,,,,,,,,0.701243,5.906843,"Tesla K40c (0)","1","7","[CUDA memcpy HtoD]"
98,10.260139,0.473798,,,,,,,,,,2.804971,5.920178,"Tesla K40c (0)","1","7","[CUDA memcpy HtoD]"
98,10.733943,19.487349,941192,1,1,128,1,1,58,7.200000e+03,0.000000,,,"Tesla K40c (0)","1","7","kernel_gpu_cuda(par_str, dim_str, box_str*, FOUR_VECTOR*, double*, FOUR_VECTOR*) [108]"
98,30.221329,0.494246,,,,,,,,,,2.804971,5.675250,"Tesla K40c (0)","1","7","[CUDA memcpy DtoH]"
99,9.910502,0.100692,,,,,,,,,,0.592802,5.887303,"Tesla K40c (0)","1","7","[CUDA memcpy HtoD]"
99,10.011315,0.491108,,,,,,,,,,2.891716,5.888146,"Tesla K40c (0)","1","7","[CUDA memcpy HtoD]"
99,10.502545,0.122340,,,,,,,,,,0.722929,5.909162,"Tesla K40c (0)","1","7","[CUDA memcpy HtoD]"
99,10.625006,0.489567,,,,,,,,,,2.891716,5.906687,"Tesla K40c (0)","1","7","[CUDA memcpy HtoD]"
99,11.114579,20.092172,970299,1,1,128,1,1,58,7.200000e+03,0.000000,,,"Tesla K40c (0)","1","7","kernel_gpu_cuda(par_str, dim_str, box_str*, FOUR_VECTOR*, double*, FOUR_VECTOR*) [108]"
99,31.206789,0.510667,,,,,,,,,,2.891716,5.662625,"Tesla K40c (0)","1","7","[CUDA memcpy DtoH]"
100,10.045805,0.105001,,,,,,,,,,0.610948,5.818480,"Tesla K40c (0)","1","7","[CUDA memcpy HtoD]"
100,10.150940,0.510271,,,,,,,,,,2.980232,5.840489,"Tesla K40c (0)","1","7","[CUDA memcpy HtoD]"
100,10.661334,0.126556,,,,,,,,,,0.745058,5.887180,"Tesla K40c (0)","1","7","[CUDA memcpy HtoD]"
100,10.788012,0.511472,,,,,,,,,,2.980232,5.826772,"Tesla K40c (0)","1","7","[CUDA memcpy HtoD]"
100,11.299490,21.107912,1000000,1,1,128,1,1,58,7.200000e+03,0.000000,,,"Tesla K40c (0)","1","7","kernel_gpu_cuda(par_str, dim_str, box_str*, FOUR_VECTOR*, double*, FOUR_VECTOR*) [108]"
100,32.407440,0.521879,,,,,,,,,,2.980232,5.710585,"Tesla K40c (0)","1","7","[CUDA memcpy DtoH]"
