8192,2.003169,1.139200e-05,,,,,,,,,,32.003906,2.679187,"Tesla K40c (0)","1","7","[CUDA memcpy HtoD]"
8192,2.003297,5.555300e-05,,,,,,,,,,544.066406,9.339948,"Tesla K40c (0)","1","7","[CUDA memcpy HtoD]"
8192,2.003358,2.038400e-05,1,512,1,16,16,1,11,1.088000e+03,0.000000,,,"Tesla K40c (0)","1","7","bpnn_layerforward_CUDA(float*, float*, float*, float*, int, int) [105]"
8192,2.003389,5.376000e-06,,,,,,,,,,32.000000,5.676633,"Tesla K40c (0)","1","7","[CUDA memcpy DtoH]"
8192,2.003547,9.920000e-07,,,,,,,,,,0.066406,0.063841,"Tesla K40c (0)","1","7","[CUDA memcpy HtoD]"
8192,2.003641,5.558400e-05,,,,,,,,,,544.066406,9.334739,"Tesla K40c (0)","1","7","[CUDA memcpy HtoD]"
8192,2.003735,5.510400e-05,,,,,,,,,,544.066406,9.416053,"Tesla K40c (0)","1","7","[CUDA memcpy HtoD]"
8192,2.003795,4.588900e-05,1,512,1,16,16,1,21,0,0.000000,,,"Tesla K40c (0)","1","7","bpnn_adjust_weights_cuda(float*, int, float*, int, float*, float*) [121]"
8192,2.003844,5.376000e-06,,,,,,,,,,32.003906,5.677326,"Tesla K40c (0)","1","7","[CUDA memcpy DtoH]"
8192,2.003863,5.497600e-05,,,,,,,,,,544.066406,9.437976,"Tesla K40c (0)","1","7","[CUDA memcpy DtoH]"
9216,2.002311,7.008000e-06,,,,,,,,,,36.003906,4.899543,"Tesla K40c (0)","1","7","[CUDA memcpy HtoD]"
9216,2.002449,6.739200e-05,,,,,,,,,,612.066406,8.661444,"Tesla K40c (0)","1","7","[CUDA memcpy HtoD]"
9216,2.002522,2.288000e-05,1,576,1,16,16,1,11,1.088000e+03,0.000000,,,"Tesla K40c (0)","1","7","bpnn_layerforward_CUDA(float*, float*, float*, float*, int, int) [105]"
9216,2.002557,5.952000e-06,,,,,,,,,,36.000000,5.768191,"Tesla K40c (0)","1","7","[CUDA memcpy DtoH]"
9216,2.002713,9.920000e-07,,,,,,,,,,0.066406,0.063841,"Tesla K40c (0)","1","7","[CUDA memcpy HtoD]"
9216,2.002821,6.198400e-05,,,,,,,,,,612.066406,9.417140,"Tesla K40c (0)","1","7","[CUDA memcpy HtoD]"
9216,2.002926,6.176000e-05,,,,,,,,,,612.066406,9.451296,"Tesla K40c (0)","1","7","[CUDA memcpy HtoD]"
9216,2.002993,5.091200e-05,1,576,1,16,16,1,21,0,0.000000,,,"Tesla K40c (0)","1","7","bpnn_adjust_weights_cuda(float*, int, float*, int, float*, float*) [121]"
9216,2.003048,5.760000e-06,,,,,,,,,,36.003906,5.961111,"Tesla K40c (0)","1","7","[CUDA memcpy DtoH]"
9216,2.003069,6.153600e-05,,,,,,,,,,612.066406,9.485700,"Tesla K40c (0)","1","7","[CUDA memcpy DtoH]"
10240,2.002902,7.648000e-06,,,,,,,,,,40.003906,4.988323,"Tesla K40c (0)","1","7","[CUDA memcpy HtoD]"
10240,2.003050,6.864000e-05,,,,,,,,,,680.066406,9.448745,"Tesla K40c (0)","1","7","[CUDA memcpy HtoD]"
10240,2.003124,2.492800e-05,1,640,1,16,16,1,11,1.088000e+03,0.000000,,,"Tesla K40c (0)","1","7","bpnn_layerforward_CUDA(float*, float*, float*, float*, int, int) [105]"
10240,2.003162,6.144000e-06,,,,,,,,,,40.000000,6.208817,"Tesla K40c (0)","1","7","[CUDA memcpy DtoH]"
10240,2.003326,9.920000e-07,,,,,,,,,,0.066406,0.063841,"Tesla K40c (0)","1","7","[CUDA memcpy HtoD]"
10240,2.003463,7.939200e-05,,,,,,,,,,680.066406,8.169109,"Tesla K40c (0)","1","7","[CUDA memcpy HtoD]"
10240,2.003589,6.828800e-05,,,,,,,,,,680.066406,9.497450,"Tesla K40c (0)","1","7","[CUDA memcpy HtoD]"
10240,2.003663,5.648000e-05,1,640,1,16,16,1,21,0,0.000000,,,"Tesla K40c (0)","1","7","bpnn_adjust_weights_cuda(float*, int, float*, int, float*, float*) [121]"
10240,2.003722,6.144000e-06,,,,,,,,,,40.003906,6.209423,"Tesla K40c (0)","1","7","[CUDA memcpy DtoH]"
10240,2.003744,6.812800e-05,,,,,,,,,,680.066406,9.519755,"Tesla K40c (0)","1","7","[CUDA memcpy DtoH]"
11264,2.010508,8.352000e-06,,,,,,,,,,44.003906,5.024592,"Tesla K40c (0)","1","7","[CUDA memcpy HtoD]"
11264,2.010642,7.536000e-05,,,,,,,,,,748.066406,9.466716,"Tesla K40c (0)","1","7","[CUDA memcpy HtoD]"
11264,2.010722,2.704000e-05,1,704,1,16,16,1,11,1.088000e+03,0.000000,,,"Tesla K40c (0)","1","7","bpnn_layerforward_CUDA(float*, float*, float*, float*, int, int) [105]"
11264,2.010763,6.528000e-06,,,,,,,,,,44.000000,6.427952,"Tesla K40c (0)","1","7","[CUDA memcpy DtoH]"
11264,2.010932,9.920000e-07,,,,,,,,,,0.066406,0.063841,"Tesla K40c (0)","1","7","[CUDA memcpy HtoD]"
11264,2.011070,7.516800e-05,,,,,,,,,,748.066406,9.490897,"Tesla K40c (0)","1","7","[CUDA memcpy HtoD]"
11264,2.011248,8.035200e-05,,,,,,,,,,748.066406,8.878581,"Tesla K40c (0)","1","7","[CUDA memcpy HtoD]"
11264,2.011334,6.179200e-05,1,704,1,16,16,1,21,0,0.000000,,,"Tesla K40c (0)","1","7","bpnn_adjust_weights_cuda(float*, int, float*, int, float*, float*) [121]"
11264,2.011400,6.688000e-06,,,,,,,,,,44.003906,6.274730,"Tesla K40c (0)","1","7","[CUDA memcpy DtoH]"
11264,2.011424,7.478400e-05,,,,,,,,,,748.066406,9.539630,"Tesla K40c (0)","1","7","[CUDA memcpy DtoH]"
12288,2.013609,8.992000e-06,,,,,,,,,,48.003906,5.091202,"Tesla K40c (0)","1","7","[CUDA memcpy HtoD]"
12288,2.013794,8.720000e-05,,,,,,,,,,816.066406,8.925018,"Tesla K40c (0)","1","7","[CUDA memcpy HtoD]"
12288,2.013887,2.940800e-05,1,768,1,16,16,1,11,1.088000e+03,0.000000,,,"Tesla K40c (0)","1","7","bpnn_layerforward_CUDA(float*, float*, float*, float*, int, int) [105]"
12288,2.013929,1.366400e-05,,,,,,,,,,48.000000,3.350144,"Tesla K40c (0)","1","7","[CUDA memcpy DtoH]"
12288,2.014113,1.024000e-06,,,,,,,,,,0.066406,0.061846,"Tesla K40c (0)","1","7","[CUDA memcpy HtoD]"
12288,2.014314,8.230400e-05,,,,,,,,,,816.066406,9.455939,"Tesla K40c (0)","1","7","[CUDA memcpy HtoD]"
12288,2.014507,8.163200e-05,,,,,,,,,,816.066406,9.533781,"Tesla K40c (0)","1","7","[CUDA memcpy HtoD]"
12288,2.014595,6.726400e-05,1,768,1,16,16,1,21,0,0.000000,,,"Tesla K40c (0)","1","7","bpnn_adjust_weights_cuda(float*, int, float*, int, float*, float*) [121]"
12288,2.014666,7.072000e-06,,,,,,,,,,48.003906,6.473429,"Tesla K40c (0)","1","7","[CUDA memcpy DtoH]"
12288,2.014693,9.196800e-05,,,,,,,,,,816.066406,8.462308,"Tesla K40c (0)","1","7","[CUDA memcpy DtoH]"
13312,2.016941,9.728000e-06,,,,,,,,,,52.003906,5.098149,"Tesla K40c (0)","1","7","[CUDA memcpy HtoD]"
13312,2.017111,8.838400e-05,,,,,,,,,,884.066406,9.539186,"Tesla K40c (0)","1","7","[CUDA memcpy HtoD]"
13312,2.017205,3.126400e-05,1,832,1,16,16,1,11,1.088000e+03,0.000000,,,"Tesla K40c (0)","1","7","bpnn_layerforward_CUDA(float*, float*, float*, float*, int, int) [105]"
13312,2.017254,7.296000e-06,,,,,,,,,,52.000000,6.797021,"Tesla K40c (0)","1","7","[CUDA memcpy DtoH]"
13312,2.017468,1.024000e-06,,,,,,,,,,0.066406,0.061846,"Tesla K40c (0)","1","7","[CUDA memcpy HtoD]"
13312,2.017621,9.382400e-05,,,,,,,,,,884.066406,8.986096,"Tesla K40c (0)","1","7","[CUDA memcpy HtoD]"
13312,2.017825,9.340800e-05,,,,,,,,,,884.066406,9.026116,"Tesla K40c (0)","1","7","[CUDA memcpy HtoD]"
13312,2.017924,7.305600e-05,1,832,1,16,16,1,21,0,0.000000,,,"Tesla K40c (0)","1","7","bpnn_adjust_weights_cuda(float*, int, float*, int, float*, float*) [121]"
13312,2.018001,7.648000e-06,,,,,,,,,,52.003906,6.484674,"Tesla K40c (0)","1","7","[CUDA memcpy DtoH]"
13312,2.018036,1.009920e-04,,,,,,,,,,884.066406,8.348299,"Tesla K40c (0)","1","7","[CUDA memcpy DtoH]"
14336,2.009239,1.040000e-05,,,,,,,,,,56.003906,5.135528,"Tesla K40c (0)","1","7","[CUDA memcpy HtoD]"
14336,2.009389,9.500800e-05,,,,,,,,,,952.066406,9.556682,"Tesla K40c (0)","1","7","[CUDA memcpy HtoD]"
14336,2.009489,3.363200e-05,1,896,1,16,16,1,11,1.088000e+03,0.000000,,,"Tesla K40c (0)","1","7","bpnn_layerforward_CUDA(float*, float*, float*, float*, int, int) [105]"
14336,2.009536,7.712000e-06,,,,,,,,,,56.000000,6.925021,"Tesla K40c (0)","1","7","[CUDA memcpy DtoH]"
14336,2.009719,9.920000e-07,,,,,,,,,,0.066406,0.063841,"Tesla K40c (0)","1","7","[CUDA memcpy HtoD]"
14336,2.009855,9.491300e-05,,,,,,,,,,952.066406,9.566248,"Tesla K40c (0)","1","7","[CUDA memcpy HtoD]"
14336,2.010049,9.462400e-05,,,,,,,,,,952.066406,9.595465,"Tesla K40c (0)","1","7","[CUDA memcpy HtoD]"
14336,2.010149,7.830400e-05,1,896,1,16,16,1,21,0,0.000000,,,"Tesla K40c (0)","1","7","bpnn_adjust_weights_cuda(float*, int, float*, int, float*, float*) [121]"
14336,2.010230,8.000000e-06,,,,,,,,,,56.003906,6.676186,"Tesla K40c (0)","1","7","[CUDA memcpy DtoH]"
14336,2.010255,9.472000e-05,,,,,,,,,,952.066406,9.585740,"Tesla K40c (0)","1","7","[CUDA memcpy DtoH]"
15360,2.013321,1.539200e-05,,,,,,,,,,0.058598,3.717787,"Tesla K40c (0)","1","7","[CUDA memcpy HtoD]"
15360,2.013525,1.069130e-04,,,,,,,,,,0.996159,9.099091,"Tesla K40c (0)","1","7","[CUDA memcpy HtoD]"
15360,2.013637,3.555200e-05,1,960,1,16,16,1,11,1.088000e+03,0.000000,,,"Tesla K40c (0)","1","7","bpnn_layerforward_CUDA(float*, float*, float*, float*, int, int) [105]"
15360,2.013687,8.704000e-06,,,,,,,,,,0.058594,6.574042,"Tesla K40c (0)","1","7","[CUDA memcpy DtoH]"
15360,2.013888,9.920000e-07,,,,,,,,,,6.484985e-05,0.063841,"Tesla K40c (0)","1","7","[CUDA memcpy HtoD]"
15360,2.014135,1.115530e-04,,,,,,,,,,0.996159,8.720618,"Tesla K40c (0)","1","7","[CUDA memcpy HtoD]"
15360,2.014432,1.012160e-04,,,,,,,,,,0.996159,9.611239,"Tesla K40c (0)","1","7","[CUDA memcpy HtoD]"
15360,2.014539,8.393600e-05,1,960,1,16,16,1,21,0,0.000000,,,"Tesla K40c (0)","1","7","bpnn_adjust_weights_cuda(float*, int, float*, int, float*, float*) [121]"
15360,2.014627,8.672000e-06,,,,,,,,,,0.058598,6.598730,"Tesla K40c (0)","1","7","[CUDA memcpy DtoH]"
15360,2.014660,1.063050e-04,,,,,,,,,,0.996159,9.151132,"Tesla K40c (0)","1","7","[CUDA memcpy DtoH]"
16384,2.037107,9.184000e-06,,,,,,,,,,0.062504,6.646220,"Tesla K40c (0)","1","7","[CUDA memcpy HtoD]"
16384,2.037260,1.114880e-04,,,,,,,,,,1.062565,9.307378,"Tesla K40c (0)","1","7","[CUDA memcpy HtoD]"
16384,2.037377,3.779200e-05,1,1024,1,16,16,1,11,1.088000e+03,0.000000,,,"Tesla K40c (0)","1","7","bpnn_layerforward_CUDA(float*, float*, float*, float*, int, int) [105]"
16384,2.037427,8.480000e-06,,,,,,,,,,0.062500,7.197542,"Tesla K40c (0)","1","7","[CUDA memcpy DtoH]"
16384,2.037615,9.920000e-07,,,,,,,,,,6.484985e-05,0.063841,"Tesla K40c (0)","1","7","[CUDA memcpy HtoD]"
16384,2.037756,1.263680e-04,,,,,,,,,,1.062565,8.211422,"Tesla K40c (0)","1","7","[CUDA memcpy HtoD]"
16384,2.038036,1.324170e-04,,,,,,,,,,1.062565,7.836312,"Tesla K40c (0)","1","7","[CUDA memcpy HtoD]"
16384,2.038181,8.908800e-05,1,1024,1,16,16,1,21,0,0.000000,,,"Tesla K40c (0)","1","7","bpnn_adjust_weights_cuda(float*, int, float*, int, float*, float*) [121]"
16384,2.038274,1.120000e-05,,,,,,,,,,0.062504,5.449900,"Tesla K40c (0)","1","7","[CUDA memcpy DtoH]"
16384,2.038318,1.922880e-04,,,,,,,,,,1.062565,5.396390,"Tesla K40c (0)","1","7","[CUDA memcpy DtoH]"
17408,2.018385,9.505000e-06,,,,,,,,,,0.066410,6.823101,"Tesla K40c (0)","1","7","[CUDA memcpy HtoD]"
17408,2.018547,1.202240e-04,,,,,,,,,,1.128971,9.170472,"Tesla K40c (0)","1","7","[CUDA memcpy HtoD]"
17408,2.018673,3.996800e-05,1,1088,1,16,16,1,11,1.088000e+03,0.000000,,,"Tesla K40c (0)","1","7","bpnn_layerforward_CUDA(float*, float*, float*, float*, int, int) [105]"
17408,2.018725,8.896000e-06,,,,,,,,,,0.066406,7.289777,"Tesla K40c (0)","1","7","[CUDA memcpy DtoH]"
17408,2.018943,1.024000e-06,,,,,,,,,,6.484985e-05,0.061846,"Tesla K40c (0)","1","7","[CUDA memcpy HtoD]"
17408,2.019090,1.198720e-04,,,,,,,,,,1.128971,9.197401,"Tesla K40c (0)","1","7","[CUDA memcpy HtoD]"
17408,2.019314,1.176640e-04,,,,,,,,,,1.128971,9.369993,"Tesla K40c (0)","1","7","[CUDA memcpy HtoD]"
17408,2.019437,9.456100e-05,1,1088,1,16,16,1,21,0,0.000000,,,"Tesla K40c (0)","1","7","bpnn_adjust_weights_cuda(float*, int, float*, int, float*, float*) [121]"
17408,2.019536,9.184000e-06,,,,,,,,,,0.066410,7.061583,"Tesla K40c (0)","1","7","[CUDA memcpy DtoH]"
17408,2.019567,1.430080e-04,,,,,,,,,,1.128971,7.709435,"Tesla K40c (0)","1","7","[CUDA memcpy DtoH]"
18432,2.008343,9.920000e-06,,,,,,,,,,0.070316,6.922205,"Tesla K40c (0)","1","7","[CUDA memcpy HtoD]"
18432,2.008528,1.310730e-04,,,,,,,,,,1.195377,8.906187,"Tesla K40c (0)","1","7","[CUDA memcpy HtoD]"
18432,2.008665,4.208000e-05,1,1152,1,16,16,1,11,1.088000e+03,0.000000,,,"Tesla K40c (0)","1","7","bpnn_layerforward_CUDA(float*, float*, float*, float*, int, int) [105]"
18432,2.008718,9.280000e-06,,,,,,,,,,0.070312,7.399197,"Tesla K40c (0)","1","7","[CUDA memcpy DtoH]"
18432,2.008897,1.024000e-06,,,,,,,,,,6.484985e-05,0.061846,"Tesla K40c (0)","1","7","[CUDA memcpy HtoD]"
18432,2.009050,1.576010e-04,,,,,,,,,,1.195377,7.407064,"Tesla K40c (0)","1","7","[CUDA memcpy HtoD]"
18432,2.009289,1.244490e-04,,,,,,,,,,1.195377,9.380234,"Tesla K40c (0)","1","7","[CUDA memcpy HtoD]"
18432,2.009420,9.958500e-05,1,1152,1,16,16,1,21,0,0.000000,,,"Tesla K40c (0)","1","7","bpnn_adjust_weights_cuda(float*, int, float*, int, float*, float*) [121]"
18432,2.009522,9.568000e-06,,,,,,,,,,0.070316,7.176868,"Tesla K40c (0)","1","7","[CUDA memcpy DtoH]"
18432,2.009551,1.341780e-04,,,,,,,,,,1.195377,8.700090,"Tesla K40c (0)","1","7","[CUDA memcpy DtoH]"
19456,2.012572,1.027200e-05,,,,,,,,,,0.074223,7.056364,"Tesla K40c (0)","1","7","[CUDA memcpy HtoD]"
19456,2.012733,1.394880e-04,,,,,,,,,,1.261784,8.833810,"Tesla K40c (0)","1","7","[CUDA memcpy HtoD]"
19456,2.012878,4.432000e-05,1,1216,1,16,16,1,11,1.088000e+03,0.000000,,,"Tesla K40c (0)","1","7","bpnn_layerforward_CUDA(float*, float*, float*, float*, int, int) [105]"
19456,2.012936,9.792000e-06,,,,,,,,,,0.074219,7.401884,"Tesla K40c (0)","1","7","[CUDA memcpy DtoH]"
19456,2.013150,9.920000e-07,,,,,,,,,,6.484985e-05,0.063841,"Tesla K40c (0)","1","7","[CUDA memcpy HtoD]"
19456,2.013298,1.376000e-04,,,,,,,,,,1.261784,8.955019,"Tesla K40c (0)","1","7","[CUDA memcpy HtoD]"
19456,2.013541,1.312000e-04,,,,,,,,,,1.261784,9.391849,"Tesla K40c (0)","1","7","[CUDA memcpy HtoD]"
19456,2.013678,1.050880e-04,1,1216,1,16,16,1,21,0,0.000000,,,"Tesla K40c (0)","1","7","bpnn_adjust_weights_cuda(float*, int, float*, int, float*, float*) [121]"
19456,2.013787,9.920000e-06,,,,,,,,,,0.074223,7.306751,"Tesla K40c (0)","1","7","[CUDA memcpy DtoH]"
19456,2.013817,1.490880e-04,,,,,,,,,,1.261784,8.264988,"Tesla K40c (0)","1","7","[CUDA memcpy DtoH]"
20480,2.016628,1.084800e-05,,,,,,,,,,0.078129,7.033340,"Tesla K40c (0)","1","7","[CUDA memcpy HtoD]"
20480,2.016780,1.467200e-04,,,,,,,,,,1.328190,8.840379,"Tesla K40c (0)","1","7","[CUDA memcpy HtoD]"
20480,2.016932,4.684800e-05,1,1280,1,16,16,1,11,1.088000e+03,0.000000,,,"Tesla K40c (0)","1","7","bpnn_layerforward_CUDA(float*, float*, float*, float*, int, int) [105]"
20480,2.016992,1.014400e-05,,,,,,,,,,0.078125,7.521091,"Tesla K40c (0)","1","7","[CUDA memcpy DtoH]"
20480,2.017193,1.152000e-06,,,,,,,,,,6.484985e-05,0.054974,"Tesla K40c (0)","1","7","[CUDA memcpy HtoD]"
20480,2.017329,1.456960e-04,,,,,,,,,,1.328190,8.902512,"Tesla K40c (0)","1","7","[CUDA memcpy HtoD]"
20480,2.017578,1.377600e-04,,,,,,,,,,1.328190,9.415363,"Tesla K40c (0)","1","7","[CUDA memcpy HtoD]"
20480,2.017721,1.104320e-04,1,1280,1,16,16,1,21,0,0.000000,,,"Tesla K40c (0)","1","7","bpnn_adjust_weights_cuda(float*, int, float*, int, float*, float*) [121]"
20480,2.017835,1.030400e-05,,,,,,,,,,0.078129,7.404665,"Tesla K40c (0)","1","7","[CUDA memcpy DtoH]"
20480,2.017867,1.594240e-04,,,,,,,,,,1.328190,8.135917,"Tesla K40c (0)","1","7","[CUDA memcpy DtoH]"
21504,2.016975,1.721600e-05,,,,,,,,,,0.082035,4.653367,"Tesla K40c (0)","1","7","[CUDA memcpy HtoD]"
21504,2.017153,1.844800e-04,,,,,,,,,,1.394596,7.382428,"Tesla K40c (0)","1","7","[CUDA memcpy HtoD]"
21504,2.017344,4.953600e-05,1,1344,1,16,16,1,11,1.088000e+03,0.000000,,,"Tesla K40c (0)","1","7","bpnn_layerforward_CUDA(float*, float*, float*, float*, int, int) [105]"
21504,2.017414,1.484800e-05,,,,,,,,,,0.082031,5.395248,"Tesla K40c (0)","1","7","[CUDA memcpy DtoH]"
21504,2.017607,1.152000e-06,,,,,,,,,,6.484985e-05,0.054974,"Tesla K40c (0)","1","7","[CUDA memcpy HtoD]"
21504,2.017760,1.604810e-04,,,,,,,,,,1.394596,8.486427,"Tesla K40c (0)","1","7","[CUDA memcpy HtoD]"
21504,2.018001,1.464960e-04,,,,,,,,,,1.394596,9.296570,"Tesla K40c (0)","1","7","[CUDA memcpy HtoD]"
21504,2.018153,1.155200e-04,1,1344,1,16,16,1,21,0,0.000000,,,"Tesla K40c (0)","1","7","bpnn_adjust_weights_cuda(float*, int, float*, int, float*, float*) [121]"
21504,2.018273,1.072000e-05,,,,,,,,,,0.082035,7.473169,"Tesla K40c (0)","1","7","[CUDA memcpy DtoH]"
21504,2.018305,1.782720e-04,,,,,,,,,,1.394596,7.639507,"Tesla K40c (0)","1","7","[CUDA memcpy DtoH]"
22528,2.017045,1.769600e-05,,,,,,,,,,0.085941,4.742714,"Tesla K40c (0)","1","7","[CUDA memcpy HtoD]"
22528,2.017224,1.687360e-04,,,,,,,,,,1.461002,8.455576,"Tesla K40c (0)","1","7","[CUDA memcpy HtoD]"
22528,2.017398,5.228800e-05,1,1408,1,16,16,1,11,1.088000e+03,0.000000,,,"Tesla K40c (0)","1","7","bpnn_layerforward_CUDA(float*, float*, float*, float*, int, int) [105]"
22528,2.017464,1.107200e-05,,,,,,,,,,0.085938,7.579781,"Tesla K40c (0)","1","7","[CUDA memcpy DtoH]"
22528,2.017661,1.248000e-06,,,,,,,,,,6.484985e-05,0.050745,"Tesla K40c (0)","1","7","[CUDA memcpy HtoD]"
22528,2.017813,1.665280e-04,,,,,,,,,,1.461002,8.567689,"Tesla K40c (0)","1","7","[CUDA memcpy HtoD]"
22528,2.018088,1.568960e-04,,,,,,,,,,1.461002,9.093668,"Tesla K40c (0)","1","7","[CUDA memcpy HtoD]"
22528,2.018251,1.209920e-04,1,1408,1,16,16,1,21,0,0.000000,,,"Tesla K40c (0)","1","7","bpnn_adjust_weights_cuda(float*, int, float*, int, float*, float*) [121]"
22528,2.018376,1.107200e-05,,,,,,,,,,0.085941,7.580118,"Tesla K40c (0)","1","7","[CUDA memcpy DtoH]"
22528,2.018410,1.929930e-04,,,,,,,,,,1.461002,7.392808,"Tesla K40c (0)","1","7","[CUDA memcpy DtoH]"
23552,2.017113,1.212800e-05,,,,,,,,,,0.089848,7.234644,"Tesla K40c (0)","1","7","[CUDA memcpy HtoD]"
23552,2.017280,2.100500e-04,,,,,,,,,,1.527409,7.101214,"Tesla K40c (0)","1","7","[CUDA memcpy HtoD]"
23552,2.017496,5.481600e-05,1,1472,1,16,16,1,11,1.088000e+03,0.000000,,,"Tesla K40c (0)","1","7","bpnn_layerforward_CUDA(float*, float*, float*, float*, int, int) [105]"
23552,2.017565,1.145600e-05,,,,,,,,,,0.089844,7.658697,"Tesla K40c (0)","1","7","[CUDA memcpy DtoH]"
23552,2.017823,1.152000e-06,,,,,,,,,,6.484985e-05,0.054974,"Tesla K40c (0)","1","7","[CUDA memcpy HtoD]"
23552,2.017973,1.807370e-04,,,,,,,,,,1.527409,8.252931,"Tesla K40c (0)","1","7","[CUDA memcpy HtoD]"
23552,2.018262,1.618890e-04,,,,,,,,,,1.527409,9.213782,"Tesla K40c (0)","1","7","[CUDA memcpy HtoD]"
23552,2.018430,1.268810e-04,1,1472,1,16,16,1,21,0,0.000000,,,"Tesla K40c (0)","1","7","bpnn_adjust_weights_cuda(float*, int, float*, int, float*, float*) [121]"
23552,2.018560,1.148800e-05,,,,,,,,,,0.089848,7.637688,"Tesla K40c (0)","1","7","[CUDA memcpy DtoH]"
23552,2.018595,2.011860e-04,,,,,,,,,,1.527409,7.414084,"Tesla K40c (0)","1","7","[CUDA memcpy DtoH]"
24576,2.017796,1.843200e-05,,,,,,,,,,0.093754,4.967256,"Tesla K40c (0)","1","7","[CUDA memcpy HtoD]"
24576,2.018018,2.131840e-04,,,,,,,,,,1.593815,7.301016,"Tesla K40c (0)","1","7","[CUDA memcpy HtoD]"
24576,2.018238,5.747200e-05,1,1536,1,16,16,1,11,1.088000e+03,0.000000,,,"Tesla K40c (0)","1","7","bpnn_layerforward_CUDA(float*, float*, float*, float*, int, int) [105]"
24576,2.018308,1.190400e-05,,,,,,,,,,0.093750,7.690922,"Tesla K40c (0)","1","7","[CUDA memcpy DtoH]"
24576,2.018507,1.152000e-06,,,,,,,,,,6.484985e-05,0.054974,"Tesla K40c (0)","1","7","[CUDA memcpy HtoD]"
24576,2.018677,2.078080e-04,,,,,,,,,,1.593815,7.489894,"Tesla K40c (0)","1","7","[CUDA memcpy HtoD]"
24576,2.018968,1.657290e-04,,,,,,,,,,1.593815,9.391596,"Tesla K40c (0)","1","7","[CUDA memcpy HtoD]"
24576,2.019140,1.324480e-04,1,1536,1,16,16,1,21,0,0.000000,,,"Tesla K40c (0)","1","7","bpnn_adjust_weights_cuda(float*, int, float*, int, float*, float*) [121]"
24576,2.019276,1.187200e-05,,,,,,,,,,0.093754,7.711966,"Tesla K40c (0)","1","7","[CUDA memcpy DtoH]"
24576,2.019313,2.073600e-04,,,,,,,,,,1.593815,7.506075,"Tesla K40c (0)","1","7","[CUDA memcpy DtoH]"
25600,2.012679,1.260900e-05,,,,,,,,,,0.097660,7.563737,"Tesla K40c (0)","1","7","[CUDA memcpy HtoD]"
25600,2.012865,2.297280e-04,,,,,,,,,,1.660221,7.057519,"Tesla K40c (0)","1","7","[CUDA memcpy HtoD]"
25600,2.013100,6.035200e-05,1,1600,1,16,16,1,11,1.088000e+03,0.000000,,,"Tesla K40c (0)","1","7","bpnn_layerforward_CUDA(float*, float*, float*, float*, int, int) [105]"
25600,2.013174,1.232000e-05,,,,,,,,,,0.097656,7.740863,"Tesla K40c (0)","1","7","[CUDA memcpy DtoH]"
25600,2.013375,1.152000e-06,,,,,,,,,,6.484985e-05,0.054974,"Tesla K40c (0)","1","7","[CUDA memcpy HtoD]"
25600,2.013542,2.234880e-04,,,,,,,,,,1.660221,7.254571,"Tesla K40c (0)","1","7","[CUDA memcpy HtoD]"
25600,2.013850,1.726080e-04,,,,,,,,,,1.660221,9.393016,"Tesla K40c (0)","1","7","[CUDA memcpy HtoD]"
25600,2.014029,1.368960e-04,1,1600,1,16,16,1,21,0,0.000000,,,"Tesla K40c (0)","1","7","bpnn_adjust_weights_cuda(float*, int, float*, int, float*, float*) [121]"
25600,2.014169,1.228800e-05,,,,,,,,,,0.097660,7.761325,"Tesla K40c (0)","1","7","[CUDA memcpy DtoH]"
25600,2.014207,2.408970e-04,,,,,,,,,,1.660221,6.730302,"Tesla K40c (0)","1","7","[CUDA memcpy DtoH]"
26624,2.013663,1.308800e-05,,,,,,,,,,0.101566,7.578381,"Tesla K40c (0)","1","7","[CUDA memcpy HtoD]"
26624,2.013853,2.756800e-04,,,,,,,,,,1.726627,6.116365,"Tesla K40c (0)","1","7","[CUDA memcpy HtoD]"
26624,2.014135,6.227200e-05,1,1664,1,16,16,1,11,1.088000e+03,0.000000,,,"Tesla K40c (0)","1","7","bpnn_layerforward_CUDA(float*, float*, float*, float*, int, int) [105]"
26624,2.014209,1.267200e-05,,,,,,,,,,0.101562,7.826873,"Tesla K40c (0)","1","7","[CUDA memcpy DtoH]"
26624,2.014414,1.120000e-06,,,,,,,,,,6.484985e-05,0.056545,"Tesla K40c (0)","1","7","[CUDA memcpy HtoD]"
26624,2.014582,2.398410e-04,,,,,,,,,,1.726627,7.030322,"Tesla K40c (0)","1","7","[CUDA memcpy HtoD]"
26624,2.014909,1.818240e-04,,,,,,,,,,1.726627,9.273581,"Tesla K40c (0)","1","7","[CUDA memcpy HtoD]"
26624,2.015096,1.428480e-04,1,1664,1,16,16,1,21,0,0.000000,,,"Tesla K40c (0)","1","7","bpnn_adjust_weights_cuda(float*, int, float*, int, float*, float*) [121]"
26624,2.015243,1.264000e-05,,,,,,,,,,0.101566,7.846982,"Tesla K40c (0)","1","7","[CUDA memcpy DtoH]"
26624,2.015282,2.562890e-04,,,,,,,,,,1.726627,6.579133,"Tesla K40c (0)","1","7","[CUDA memcpy DtoH]"
27648,2.009990,1.337600e-05,,,,,,,,,,0.105473,7.700400,"Tesla K40c (0)","1","7","[CUDA memcpy HtoD]"
27648,2.010184,2.656960e-04,,,,,,,,,,1.793034,6.590274,"Tesla K40c (0)","1","7","[CUDA memcpy HtoD]"
27648,2.010456,6.470400e-05,1,1728,1,16,16,1,11,1.088000e+03,0.000000,,,"Tesla K40c (0)","1","7","bpnn_layerforward_CUDA(float*, float*, float*, float*, int, int) [105]"
27648,2.010533,1.305600e-05,,,,,,,,,,0.105469,7.888850,"Tesla K40c (0)","1","7","[CUDA memcpy DtoH]"
27648,2.010841,1.184000e-06,,,,,,,,,,6.484985e-05,0.053488,"Tesla K40c (0)","1","7","[CUDA memcpy HtoD]"
27648,2.011064,2.554890e-04,,,,,,,,,,1.793034,6.853561,"Tesla K40c (0)","1","7","[CUDA memcpy HtoD]"
27648,2.011427,2.073280e-04,,,,,,,,,,1.793034,8.445600,"Tesla K40c (0)","1","7","[CUDA memcpy HtoD]"
27648,2.011640,1.483530e-04,1,1728,1,16,16,1,21,0,0.000000,,,"Tesla K40c (0)","1","7","bpnn_adjust_weights_cuda(float*, int, float*, int, float*, float*) [121]"
27648,2.011791,1.302400e-05,,,,,,,,,,0.105473,7.908519,"Tesla K40c (0)","1","7","[CUDA memcpy DtoH]"
27648,2.011830,2.766400e-04,,,,,,,,,,1.793034,6.329560,"Tesla K40c (0)","1","7","[CUDA memcpy DtoH]"
28672,2.020443,1.408200e-05,,,,,,,,,,0.109379,7.585233,"Tesla K40c (0)","1","7","[CUDA memcpy HtoD]"
28672,2.020630,2.708740e-04,,,,,,,,,,1.859440,6.703704,"Tesla K40c (0)","1","7","[CUDA memcpy HtoD]"
28672,2.020908,6.647000e-05,1,1792,1,16,16,1,11,1.088000e+03,0.000000,,,"Tesla K40c (0)","1","7","bpnn_layerforward_CUDA(float*, float*, float*, float*, int, int) [105]"
28672,2.020988,1.337800e-05,,,,,,,,,,0.109375,7.984117,"Tesla K40c (0)","1","7","[CUDA memcpy DtoH]"
28672,2.021230,1.152000e-06,,,,,,,,,,6.484985e-05,0.054974,"Tesla K40c (0)","1","7","[CUDA memcpy HtoD]"
28672,2.021391,2.683150e-04,,,,,,,,,,1.859440,6.767640,"Tesla K40c (0)","1","7","[CUDA memcpy HtoD]"
28672,2.021791,2.359270e-04,,,,,,,,,,1.859440,7.696700,"Tesla K40c (0)","1","7","[CUDA memcpy HtoD]"
28672,2.022033,1.538710e-04,1,1792,1,16,16,1,21,0,0.000000,,,"Tesla K40c (0)","1","7","bpnn_adjust_weights_cuda(float*, int, float*, int, float*, float*) [121]"
28672,2.022190,1.340900e-05,,,,,,,,,,0.109379,7.965937,"Tesla K40c (0)","1","7","[CUDA memcpy DtoH]"
28672,2.022230,2.914840e-04,,,,,,,,,,1.859440,6.229705,"Tesla K40c (0)","1","7","[CUDA memcpy DtoH]"
29696,2.010404,1.411200e-05,,,,,,,,,,0.113285,7.839424,"Tesla K40c (0)","1","7","[CUDA memcpy HtoD]"
29696,2.010611,3.048000e-04,,,,,,,,,,1.925846,6.170305,"Tesla K40c (0)","1","7","[CUDA memcpy HtoD]"
29696,2.010922,6.892800e-05,1,1856,1,16,16,1,11,1.088000e+03,0.000000,,,"Tesla K40c (0)","1","7","bpnn_layerforward_CUDA(float*, float*, float*, float*, int, int) [105]"
29696,2.011003,1.379200e-05,,,,,,,,,,0.113281,8.021043,"Tesla K40c (0)","1","7","[CUDA memcpy DtoH]"
29696,2.011219,1.120000e-06,,,,,,,,,,6.484985e-05,0.056545,"Tesla K40c (0)","1","7","[CUDA memcpy HtoD]"
29696,2.011389,2.901770e-04,,,,,,,,,,1.925846,6.481248,"Tesla K40c (0)","1","7","[CUDA memcpy HtoD]"
29696,2.011771,2.202240e-04,,,,,,,,,,1.925846,8.539982,"Tesla K40c (0)","1","7","[CUDA memcpy HtoD]"
29696,2.011997,1.589440e-04,1,1856,1,16,16,1,21,0,0.000000,,,"Tesla K40c (0)","1","7","bpnn_adjust_weights_cuda(float*, int, float*, int, float*, float*) [121]"
29696,2.012160,1.420800e-05,,,,,,,,,,0.113285,7.786455,"Tesla K40c (0)","1","7","[CUDA memcpy DtoH]"
29696,2.012201,3.223370e-04,,,,,,,,,,1.925846,5.834605,"Tesla K40c (0)","1","7","[CUDA memcpy DtoH]"
30720,2.013746,1.449600e-05,,,,,,,,,,0.117191,7.894912,"Tesla K40c (0)","1","7","[CUDA memcpy HtoD]"
30720,2.013934,3.137930e-04,,,,,,,,,,1.992252,6.200135,"Tesla K40c (0)","1","7","[CUDA memcpy HtoD]"
30720,2.014254,7.139200e-05,1,1920,1,16,16,1,11,1.088000e+03,0.000000,,,"Tesla K40c (0)","1","7","bpnn_layerforward_CUDA(float*, float*, float*, float*, int, int) [105]"
30720,2.014338,1.363200e-05,,,,,,,,,,0.117188,8.395020,"Tesla K40c (0)","1","7","[CUDA memcpy DtoH]"
30720,2.014555,1.152000e-06,,,,,,,,,,6.484985e-05,0.054974,"Tesla K40c (0)","1","7","[CUDA memcpy HtoD]"
30720,2.014721,3.039050e-04,,,,,,,,,,1.992252,6.401866,"Tesla K40c (0)","1","7","[CUDA memcpy HtoD]"
30720,2.015116,2.358080e-04,,,,,,,,,,1.992252,8.250606,"Tesla K40c (0)","1","7","[CUDA memcpy HtoD]"
30720,2.015358,1.641280e-04,1,1920,1,16,16,1,21,0,0.000000,,,"Tesla K40c (0)","1","7","bpnn_adjust_weights_cuda(float*, int, float*, int, float*, float*) [121]"
30720,2.015526,1.452800e-05,,,,,,,,,,0.117191,7.877522,"Tesla K40c (0)","1","7","[CUDA memcpy DtoH]"
30720,2.015584,3.429770e-04,,,,,,,,,,1.992252,5.672564,"Tesla K40c (0)","1","7","[CUDA memcpy DtoH]"
31744,2.021592,1.507200e-05,,,,,,,,,,0.121098,7.846294,"Tesla K40c (0)","1","7","[CUDA memcpy HtoD]"
31744,2.021776,3.355200e-04,,,,,,,,,,2.058659,5.991919,"Tesla K40c (0)","1","7","[CUDA memcpy HtoD]"
31744,2.022117,7.356800e-05,1,1984,1,16,16,1,11,1.088000e+03,0.000000,,,"Tesla K40c (0)","1","7","bpnn_layerforward_CUDA(float*, float*, float*, float*, int, int) [105]"
31744,2.022204,1.459200e-05,,,,,,,,,,0.121094,8.104140,"Tesla K40c (0)","1","7","[CUDA memcpy DtoH]"
31744,2.022422,1.152000e-06,,,,,,,,,,6.484985e-05,0.054974,"Tesla K40c (0)","1","7","[CUDA memcpy HtoD]"
31744,2.022588,3.213120e-04,,,,,,,,,,2.058659,6.256874,"Tesla K40c (0)","1","7","[CUDA memcpy HtoD]"
31744,2.023005,2.708160e-04,,,,,,,,,,2.058659,7.423523,"Tesla K40c (0)","1","7","[CUDA memcpy HtoD]"
31744,2.023282,1.691840e-04,1,1984,1,16,16,1,21,0,0.000000,,,"Tesla K40c (0)","1","7","bpnn_adjust_weights_cuda(float*, int, float*, int, float*, float*) [121]"
31744,2.023455,1.456100e-05,,,,,,,,,,0.121098,8.121650,"Tesla K40c (0)","1","7","[CUDA memcpy DtoH]"
31744,2.023497,2.992640e-04,,,,,,,,,,2.058659,6.717844,"Tesla K40c (0)","1","7","[CUDA memcpy DtoH]"
32768,2.020574,1.539200e-05,,,,,,,,,,0.125004,7.931006,"Tesla K40c (0)","1","7","[CUDA memcpy HtoD]"
32768,2.020792,3.370560e-04,,,,,,,,,,2.125065,6.157014,"Tesla K40c (0)","1","7","[CUDA memcpy HtoD]"
32768,2.021135,7.564800e-05,1,2048,1,16,16,1,11,1.088000e+03,0.000000,,,"Tesla K40c (0)","1","7","bpnn_layerforward_CUDA(float*, float*, float*, float*, int, int) [105]"
32768,2.021225,1.500800e-05,,,,,,,,,,0.125000,8.133683,"Tesla K40c (0)","1","7","[CUDA memcpy DtoH]"
32768,2.021559,1.184000e-06,,,,,,,,,,6.484985e-05,0.053488,"Tesla K40c (0)","1","7","[CUDA memcpy HtoD]"
32768,2.021822,3.333130e-04,,,,,,,,,,2.125065,6.226156,"Tesla K40c (0)","1","7","[CUDA memcpy HtoD]"
32768,2.022296,3.277440e-04,,,,,,,,,,2.125065,6.331950,"Tesla K40c (0)","1","7","[CUDA memcpy HtoD]"
32768,2.022630,1.742400e-04,1,2048,1,16,16,1,21,0,0.000000,,,"Tesla K40c (0)","1","7","bpnn_adjust_weights_cuda(float*, int, float*, int, float*, float*) [121]"
32768,2.022808,1.500800e-05,,,,,,,,,,0.125004,8.133931,"Tesla K40c (0)","1","7","[CUDA memcpy DtoH]"
32768,2.022853,3.346240e-04,,,,,,,,,,2.125065,6.201763,"Tesla K40c (0)","1","7","[CUDA memcpy DtoH]"
33792,2.022276,1.564800e-05,,,,,,,,,,0.128910,8.045037,"Tesla K40c (0)","1","7","[CUDA memcpy HtoD]"
33792,2.022428,3.043850e-04,,,,,,,,,,2.191471,7.030926,"Tesla K40c (0)","1","7","[CUDA memcpy HtoD]"
33792,2.022739,7.756800e-05,1,2112,1,16,16,1,11,1.088000e+03,0.000000,,,"Tesla K40c (0)","1","7","bpnn_layerforward_CUDA(float*, float*, float*, float*, int, int) [105]"
33792,2.022835,1.536000e-05,,,,,,,,,,0.128906,8.195639,"Tesla K40c (0)","1","7","[CUDA memcpy DtoH]"
33792,2.023196,1.184000e-06,,,,,,,,,,6.484985e-05,0.053488,"Tesla K40c (0)","1","7","[CUDA memcpy HtoD]"
33792,2.023372,4.014410e-04,,,,,,,,,,2.191471,5.331066,"Tesla K40c (0)","1","7","[CUDA memcpy HtoD]"
33792,2.023941,3.586890e-04,,,,,,,,,,2.191471,5.966474,"Tesla K40c (0)","1","7","[CUDA memcpy HtoD]"
33792,2.024312,1.802240e-04,1,2112,1,16,16,1,21,0,0.000000,,,"Tesla K40c (0)","1","7","bpnn_adjust_weights_cuda(float*, int, float*, int, float*, float*) [121]"
33792,2.024496,2.169600e-05,,,,,,,,,,0.128910,5.802394,"Tesla K40c (0)","1","7","[CUDA memcpy DtoH]"
33792,2.024590,3.428480e-04,,,,,,,,,,2.191471,6.242150,"Tesla K40c (0)","1","7","[CUDA memcpy DtoH]"
34816,2.023157,1.619200e-05,,,,,,,,,,0.132816,8.010340,"Tesla K40c (0)","1","7","[CUDA memcpy HtoD]"
34816,2.023362,3.766410e-04,,,,,,,,,,2.257877,5.854271,"Tesla K40c (0)","1","7","[CUDA memcpy HtoD]"
34816,2.023744,8.006400e-05,1,2176,1,16,16,1,11,1.088000e+03,0.000000,,,"Tesla K40c (0)","1","7","bpnn_layerforward_CUDA(float*, float*, float*, float*, int, int) [105]"
34816,2.023837,1.577600e-05,,,,,,,,,,0.132812,8.221330,"Tesla K40c (0)","1","7","[CUDA memcpy DtoH]"
34816,2.024068,1.152000e-06,,,,,,,,,,6.484985e-05,0.054974,"Tesla K40c (0)","1","7","[CUDA memcpy HtoD]"
34816,2.024224,3.408000e-04,,,,,,,,,,2.257877,6.469948,"Tesla K40c (0)","1","7","[CUDA memcpy HtoD]"
34816,2.024677,2.817610e-04,,,,,,,,,,2.257877,7.825634,"Tesla K40c (0)","1","7","[CUDA memcpy HtoD]"
34816,2.024964,1.853120e-04,1,2176,1,16,16,1,21,0,0.000000,,,"Tesla K40c (0)","1","7","bpnn_adjust_weights_cuda(float*, int, float*, int, float*, float*) [121]"
34816,2.025154,1.574400e-05,,,,,,,,,,0.132816,8.238277,"Tesla K40c (0)","1","7","[CUDA memcpy DtoH]"
34816,2.025198,3.614090e-04,,,,,,,,,,2.257877,6.101006,"Tesla K40c (0)","1","7","[CUDA memcpy DtoH]"
35840,2.024229,1.664000e-05,,,,,,,,,,0.136723,8.023926,"Tesla K40c (0)","1","7","[CUDA memcpy HtoD]"
35840,2.024485,3.568320e-04,,,,,,,,,,2.324284,6.361000,"Tesla K40c (0)","1","7","[CUDA memcpy HtoD]"
35840,2.024848,8.243200e-05,1,2240,1,16,16,1,11,1.088000e+03,0.000000,,,"Tesla K40c (0)","1","7","bpnn_layerforward_CUDA(float*, float*, float*, float*, int, int) [105]"
35840,2.024943,1.616000e-05,,,,,,,,,,0.136719,8.262030,"Tesla K40c (0)","1","7","[CUDA memcpy DtoH]"
35840,2.025212,1.152000e-06,,,,,,,,,,6.484985e-05,0.054974,"Tesla K40c (0)","1","7","[CUDA memcpy HtoD]"
35840,2.025361,3.443840e-04,,,,,,,,,,2.324284,6.590922,"Tesla K40c (0)","1","7","[CUDA memcpy HtoD]"
35840,2.025816,3.688960e-04,,,,,,,,,,2.324284,6.152976,"Tesla K40c (0)","1","7","[CUDA memcpy HtoD]"
35840,2.026191,1.909760e-04,1,2240,1,16,16,1,21,0,0.000000,,,"Tesla K40c (0)","1","7","bpnn_adjust_weights_cuda(float*, int, float*, int, float*, float*) [121]"
35840,2.026385,1.609600e-05,,,,,,,,,,0.136723,8.295112,"Tesla K40c (0)","1","7","[CUDA memcpy DtoH]"
35840,2.026436,4.135680e-04,,,,,,,,,,2.324284,5.488355,"Tesla K40c (0)","1","7","[CUDA memcpy DtoH]"
36864,2.029390,1.689600e-05,,,,,,,,,,0.140629,8.128127,"Tesla K40c (0)","1","7","[CUDA memcpy HtoD]"
36864,2.029557,3.491520e-04,,,,,,,,,,2.390690,6.686652,"Tesla K40c (0)","1","7","[CUDA memcpy HtoD]"
36864,2.029913,8.451200e-05,1,2304,1,16,16,1,11,1.088000e+03,0.000000,,,"Tesla K40c (0)","1","7","bpnn_layerforward_CUDA(float*, float*, float*, float*, int, int) [105]"
36864,2.030009,1.654400e-05,,,,,,,,,,0.140625,8.300840,"Tesla K40c (0)","1","7","[CUDA memcpy DtoH]"
36864,2.030272,1.120000e-06,,,,,,,,,,6.484985e-05,0.056545,"Tesla K40c (0)","1","7","[CUDA memcpy HtoD]"
36864,2.030420,3.657280e-04,,,,,,,,,,2.390690,6.383591,"Tesla K40c (0)","1","7","[CUDA memcpy HtoD]"
36864,2.030898,3.067200e-04,,,,,,,,,,2.390690,7.611692,"Tesla K40c (0)","1","7","[CUDA memcpy HtoD]"
36864,2.031210,1.960000e-04,1,2304,1,16,16,1,21,0,0.000000,,,"Tesla K40c (0)","1","7","bpnn_adjust_weights_cuda(float*, int, float*, int, float*, float*) [121]"
36864,2.031409,1.648000e-05,,,,,,,,,,0.140629,8.333303,"Tesla K40c (0)","1","7","[CUDA memcpy DtoH]"
36864,2.031454,3.580170e-04,,,,,,,,,,2.390690,6.521082,"Tesla K40c (0)","1","7","[CUDA memcpy DtoH]"
37888,2.023339,1.763200e-05,,,,,,,,,,0.144535,8.005191,"Tesla K40c (0)","1","7","[CUDA memcpy HtoD]"
37888,2.023530,3.910720e-04,,,,,,,,,,2.457096,6.135719,"Tesla K40c (0)","1","7","[CUDA memcpy HtoD]"
37888,2.023927,8.697600e-05,1,2368,1,16,16,1,11,1.088000e+03,0.000000,,,"Tesla K40c (0)","1","7","bpnn_layerforward_CUDA(float*, float*, float*, float*, int, int) [105]"
37888,2.024026,1.692800e-05,,,,,,,,,,0.144531,8.337890,"Tesla K40c (0)","1","7","[CUDA memcpy DtoH]"
37888,2.024259,1.152000e-06,,,,,,,,,,6.484985e-05,0.054974,"Tesla K40c (0)","1","7","[CUDA memcpy HtoD]"
37888,2.024419,3.657280e-04,,,,,,,,,,2.457096,6.560908,"Tesla K40c (0)","1","7","[CUDA memcpy HtoD]"
37888,2.024885,2.868170e-04,,,,,,,,,,2.457096,8.365989,"Tesla K40c (0)","1","7","[CUDA memcpy HtoD]"
37888,2.025177,2.013120e-04,1,2368,1,16,16,1,21,0,0.000000,,,"Tesla K40c (0)","1","7","bpnn_adjust_weights_cuda(float*, int, float*, int, float*, float*) [121]"
37888,2.025381,1.708800e-05,,,,,,,,,,0.144535,8.260038,"Tesla K40c (0)","1","7","[CUDA memcpy DtoH]"
37888,2.025429,3.591040e-04,,,,,,,,,,2.457096,6.681930,"Tesla K40c (0)","1","7","[CUDA memcpy DtoH]"
38912,2.022464,1.769600e-05,,,,,,,,,,0.148441,8.191807,"Tesla K40c (0)","1","7","[CUDA memcpy HtoD]"
38912,2.022684,5.330240e-04,,,,,,,,,,2.523502,4.623352,"Tesla K40c (0)","1","7","[CUDA memcpy HtoD]"
38912,2.023223,8.883300e-05,1,2432,1,16,16,1,11,1.088000e+03,0.000000,,,"Tesla K40c (0)","1","7","bpnn_layerforward_CUDA(float*, float*, float*, float*, int, int) [105]"
38912,2.023323,1.731200e-05,,,,,,,,,,0.148438,8.373296,"Tesla K40c (0)","1","7","[CUDA memcpy DtoH]"
38912,2.023590,1.152000e-06,,,,,,,,,,6.484985e-05,0.054974,"Tesla K40c (0)","1","7","[CUDA memcpy HtoD]"
38912,2.023748,3.786890e-04,,,,,,,,,,2.523502,6.507603,"Tesla K40c (0)","1","7","[CUDA memcpy HtoD]"
38912,2.024234,3.056000e-04,,,,,,,,,,2.523502,8.063998,"Tesla K40c (0)","1","7","[CUDA memcpy HtoD]"
38912,2.024546,2.071360e-04,1,2432,1,16,16,1,21,0,0.000000,,,"Tesla K40c (0)","1","7","bpnn_adjust_weights_cuda(float*, int, float*, int, float*, float*) [121]"
38912,2.024755,1.728000e-05,,,,,,,,,,0.148441,8.389017,"Tesla K40c (0)","1","7","[CUDA memcpy DtoH]"
38912,2.024803,3.816970e-04,,,,,,,,,,2.523502,6.456319,"Tesla K40c (0)","1","7","[CUDA memcpy DtoH]"
39936,2.024666,2.358400e-05,,,,,,,,,,0.152348,6.308384,"Tesla K40c (0)","1","7","[CUDA memcpy HtoD]"
39936,2.024869,4.424640e-04,,,,,,,,,,2.589909,5.716188,"Tesla K40c (0)","1","7","[CUDA memcpy HtoD]"
39936,2.025317,9.120000e-05,1,2496,1,16,16,1,11,1.088000e+03,0.000000,,,"Tesla K40c (0)","1","7","bpnn_layerforward_CUDA(float*, float*, float*, float*, int, int) [105]"
39936,2.025421,1.766400e-05,,,,,,,,,,0.152344,8.422395,"Tesla K40c (0)","1","7","[CUDA memcpy DtoH]"
39936,2.025677,1.152000e-06,,,,,,,,,,6.484985e-05,0.054974,"Tesla K40c (0)","1","7","[CUDA memcpy HtoD]"
39936,2.025836,4.200640e-04,,,,,,,,,,2.589909,6.021005,"Tesla K40c (0)","1","7","[CUDA memcpy HtoD]"
39936,2.026362,3.165760e-04,,,,,,,,,,2.589909,7.989259,"Tesla K40c (0)","1","7","[CUDA memcpy HtoD]"
39936,2.026685,2.125120e-04,1,2496,1,16,16,1,21,0,0.000000,,,"Tesla K40c (0)","1","7","bpnn_adjust_weights_cuda(float*, int, float*, int, float*, float*) [121]"
39936,2.026900,1.766400e-05,,,,,,,,,,0.152348,8.422606,"Tesla K40c (0)","1","7","[CUDA memcpy DtoH]"
39936,2.026948,3.999690e-04,,,,,,,,,,2.589909,6.323509,"Tesla K40c (0)","1","7","[CUDA memcpy DtoH]"
40960,2.016609,1.836800e-05,,,,,,,,,,0.156254,8.307470,"Tesla K40c (0)","1","7","[CUDA memcpy HtoD]"
40960,2.016813,4.611520e-04,,,,,,,,,,2.656315,5.625168,"Tesla K40c (0)","1","7","[CUDA memcpy HtoD]"
40960,2.017280,9.344000e-05,1,2560,1,16,16,1,11,1.088000e+03,0.000000,,,"Tesla K40c (0)","1","7","bpnn_layerforward_CUDA(float*, float*, float*, float*, int, int) [105]"
40960,2.017386,1.811200e-05,,,,,,,,,,0.156250,8.424685,"Tesla K40c (0)","1","7","[CUDA memcpy DtoH]"
40960,2.017692,1.120000e-06,,,,,,,,,,6.484985e-05,0.056545,"Tesla K40c (0)","1","7","[CUDA memcpy HtoD]"
40960,2.017837,3.922890e-04,,,,,,,,,,2.656315,6.612618,"Tesla K40c (0)","1","7","[CUDA memcpy HtoD]"
40960,2.018340,3.458560e-04,,,,,,,,,,2.656315,7.500397,"Tesla K40c (0)","1","7","[CUDA memcpy HtoD]"
40960,2.018692,2.176320e-04,1,2560,1,16,16,1,21,0,0.000000,,,"Tesla K40c (0)","1","7","bpnn_adjust_weights_cuda(float*, int, float*, int, float*, float*) [121]"
40960,2.018913,1.804800e-05,,,,,,,,,,0.156254,8.454766,"Tesla K40c (0)","1","7","[CUDA memcpy DtoH]"
40960,2.018973,5.096970e-04,,,,,,,,,,2.656315,5.089411,"Tesla K40c (0)","1","7","[CUDA memcpy DtoH]"
41984,2.043502,1.878400e-05,,,,,,,,,,0.160160,8.326571,"Tesla K40c (0)","1","7","[CUDA memcpy HtoD]"
41984,2.043812,7.464320e-04,,,,,,,,,,2.722721,3.562156,"Tesla K40c (0)","1","7","[CUDA memcpy HtoD]"
41984,2.044565,9.584000e-05,1,2624,1,16,16,1,11,1.088000e+03,0.000000,,,"Tesla K40c (0)","1","7","bpnn_layerforward_CUDA(float*, float*, float*, float*, int, int) [105]"
41984,2.044677,1.852800e-05,,,,,,,,,,0.160156,8.441418,"Tesla K40c (0)","1","7","[CUDA memcpy DtoH]"
41984,2.045054,1.152000e-06,,,,,,,,,,6.484985e-05,0.054974,"Tesla K40c (0)","1","7","[CUDA memcpy HtoD]"
41984,2.045359,6.282880e-04,,,,,,,,,,2.722721,4.231988,"Tesla K40c (0)","1","7","[CUDA memcpy HtoD]"
41984,2.046230,6.271040e-04,,,,,,,,,,2.722721,4.239978,"Tesla K40c (0)","1","7","[CUDA memcpy HtoD]"
41984,2.046863,2.229770e-04,1,2624,1,16,16,1,21,0,0.000000,,,"Tesla K40c (0)","1","7","bpnn_adjust_weights_cuda(float*, int, float*, int, float*, float*) [121]"
41984,2.047090,2.761600e-05,,,,,,,,,,0.160160,5.663612,"Tesla K40c (0)","1","7","[CUDA memcpy DtoH]"
41984,2.047170,6.912960e-04,,,,,,,,,,2.722721,3.846265,"Tesla K40c (0)","1","7","[CUDA memcpy DtoH]"
43008,2.038903,1.920000e-05,,,,,,,,,,0.164066,8.344844,"Tesla K40c (0)","1","7","[CUDA memcpy HtoD]"
43008,2.039097,5.498240e-04,,,,,,,,,,2.789127,4.953871,"Tesla K40c (0)","1","7","[CUDA memcpy HtoD]"
43008,2.039653,9.788800e-05,1,2688,1,16,16,1,11,1.088000e+03,0.000000,,,"Tesla K40c (0)","1","7","bpnn_layerforward_CUDA(float*, float*, float*, float*, int, int) [105]"
43008,2.039777,2.896000e-05,,,,,,,,,,0.164062,5.532365,"Tesla K40c (0)","1","7","[CUDA memcpy DtoH]"
43008,2.040290,1.152000e-06,,,,,,,,,,6.484985e-05,0.054974,"Tesla K40c (0)","1","7","[CUDA memcpy HtoD]"
43008,2.040470,4.784640e-04,,,,,,,,,,2.789127,5.692711,"Tesla K40c (0)","1","7","[CUDA memcpy HtoD]"
43008,2.041112,6.427840e-04,,,,,,,,,,2.789127,4.237438,"Tesla K40c (0)","1","7","[CUDA memcpy HtoD]"
43008,2.041775,2.282240e-04,1,2688,1,16,16,1,21,0,0.000000,,,"Tesla K40c (0)","1","7","bpnn_adjust_weights_cuda(float*, int, float*, int, float*, float*) [121]"
43008,2.042005,2.153600e-05,,,,,,,,,,0.164066,7.439683,"Tesla K40c (0)","1","7","[CUDA memcpy DtoH]"
43008,2.042103,5.399040e-04,,,,,,,,,,2.789127,5.044892,"Tesla K40c (0)","1","7","[CUDA memcpy DtoH]"
44032,2.026084,1.965000e-05,,,,,,,,,,0.167973,8.347873,"Tesla K40c (0)","1","7","[CUDA memcpy HtoD]"
44032,2.026334,6.115440e-04,,,,,,,,,,2.855534,4.559945,"Tesla K40c (0)","1","7","[CUDA memcpy HtoD]"
44032,2.026952,9.978500e-05,1,2752,1,16,16,1,11,1.088000e+03,0.000000,,,"Tesla K40c (0)","1","7","bpnn_layerforward_CUDA(float*, float*, float*, float*, int, int) [105]"
44032,2.027068,1.923400e-05,,,,,,,,,,0.167969,8.528230,"Tesla K40c (0)","1","7","[CUDA memcpy DtoH]"
44032,2.027370,1.152000e-06,,,,,,,,,,6.484985e-05,0.054974,"Tesla K40c (0)","1","7","[CUDA memcpy HtoD]"
44032,2.027528,4.789570e-04,,,,,,,,,,2.855534,5.822249,"Tesla K40c (0)","1","7","[CUDA memcpy HtoD]"
44032,2.028156,4.346000e-04,,,,,,,,,,2.855534,6.416491,"Tesla K40c (0)","1","7","[CUDA memcpy HtoD]"
44032,2.028596,2.336210e-04,1,2752,1,16,16,1,21,0,0.000000,,,"Tesla K40c (0)","1","7","bpnn_adjust_weights_cuda(float*, int, float*, int, float*, float*) [121]"
44032,2.028833,1.920100e-05,,,,,,,,,,0.167973,8.543081,"Tesla K40c (0)","1","7","[CUDA memcpy DtoH]"
44032,2.028887,4.741240e-04,,,,,,,,,,2.855534,5.881599,"Tesla K40c (0)","1","7","[CUDA memcpy DtoH]"
45056,2.024013,1.990400e-05,,,,,,,,,,0.171879,8.432999,"Tesla K40c (0)","1","7","[CUDA memcpy HtoD]"
45056,2.024205,5.955850e-04,,,,,,,,,,2.921940,4.791015,"Tesla K40c (0)","1","7","[CUDA memcpy HtoD]"
45056,2.024807,1.019840e-04,1,2816,1,16,16,1,11,1.088000e+03,0.000000,,,"Tesla K40c (0)","1","7","bpnn_layerforward_CUDA(float*, float*, float*, float*, int, int) [105]"
45056,2.024925,1.961600e-05,,,,,,,,,,0.171875,8.556621,"Tesla K40c (0)","1","7","[CUDA memcpy DtoH]"
45056,2.025243,1.152000e-06,,,,,,,,,,6.484985e-05,0.054974,"Tesla K40c (0)","1","7","[CUDA memcpy HtoD]"
45056,2.025386,4.541770e-04,,,,,,,,,,2.921940,6.282698,"Tesla K40c (0)","1","7","[CUDA memcpy HtoD]"
45056,2.025973,4.693120e-04,,,,,,,,,,2.921940,6.080085,"Tesla K40c (0)","1","7","[CUDA memcpy HtoD]"
45056,2.026449,2.391050e-04,1,2816,1,16,16,1,21,0,0.000000,,,"Tesla K40c (0)","1","7","bpnn_adjust_weights_cuda(float*, int, float*, int, float*, float*) [121]"
45056,2.026692,1.964800e-05,,,,,,,,,,0.171879,8.542875,"Tesla K40c (0)","1","7","[CUDA memcpy DtoH]"
45056,2.026748,5.368960e-04,,,,,,,,,,2.921940,5.314729,"Tesla K40c (0)","1","7","[CUDA memcpy DtoH]"
46080,2.021301,2.032000e-05,,,,,,,,,,0.175785,8.448086,"Tesla K40c (0)","1","7","[CUDA memcpy HtoD]"
46080,2.021513,5.408330e-04,,,,,,,,,,2.988346,5.395948,"Tesla K40c (0)","1","7","[CUDA memcpy HtoD]"
46080,2.022060,1.046400e-04,1,2880,1,16,16,1,11,1.088000e+03,0.000000,,,"Tesla K40c (0)","1","7","bpnn_layerforward_CUDA(float*, float*, float*, float*, int, int) [105]"
46080,2.022186,2.003200e-05,,,,,,,,,,0.175781,8.569358,"Tesla K40c (0)","1","7","[CUDA memcpy DtoH]"
46080,2.022471,1.120000e-06,,,,,,,,,,6.484985e-05,0.056545,"Tesla K40c (0)","1","7","[CUDA memcpy HtoD]"
46080,2.022631,4.811210e-04,,,,,,,,,,2.988346,6.065640,"Tesla K40c (0)","1","7","[CUDA memcpy HtoD]"
46080,2.023217,3.840000e-04,,,,,,,,,,2.988346,7.599757,"Tesla K40c (0)","1","7","[CUDA memcpy HtoD]"
46080,2.023607,2.442250e-04,1,2880,1,16,16,1,21,0,0.000000,,,"Tesla K40c (0)","1","7","bpnn_adjust_weights_cuda(float*, int, float*, int, float*, float*) [121]"
46080,2.023855,1.958400e-05,,,,,,,,,,0.175785,8.765579,"Tesla K40c (0)","1","7","[CUDA memcpy DtoH]"
46080,2.023908,4.543040e-04,,,,,,,,,,2.988346,6.423687,"Tesla K40c (0)","1","7","[CUDA memcpy DtoH]"
47104,2.031077,2.076800e-05,,,,,,,,,,0.179691,8.449528,"Tesla K40c (0)","1","7","[CUDA memcpy HtoD]"
47104,2.031321,6.282240e-04,,,,,,,,,,3.054752,4.748556,"Tesla K40c (0)","1","7","[CUDA memcpy HtoD]"
47104,2.031956,1.063360e-04,1,2944,1,16,16,1,11,1.088000e+03,0.000000,,,"Tesla K40c (0)","1","7","bpnn_layerforward_CUDA(float*, float*, float*, float*, int, int) [105]"
47104,2.032077,2.038400e-05,,,,,,,,,,0.179688,8.608520,"Tesla K40c (0)","1","7","[CUDA memcpy DtoH]"
47104,2.032405,1.216000e-06,,,,,,,,,,6.484985e-05,0.052081,"Tesla K40c (0)","1","7","[CUDA memcpy HtoD]"
47104,2.032644,6.563200e-04,,,,,,,,,,3.054752,4.545278,"Tesla K40c (0)","1","7","[CUDA memcpy HtoD]"
47104,2.033450,5.253120e-04,,,,,,,,,,3.054752,5.678828,"Tesla K40c (0)","1","7","[CUDA memcpy HtoD]"
47104,2.033982,2.493450e-04,1,2944,1,16,16,1,21,0,0.000000,,,"Tesla K40c (0)","1","7","bpnn_adjust_weights_cuda(float*, int, float*, int, float*, float*) [121]"
47104,2.034235,2.048000e-05,,,,,,,,,,0.179691,8.568350,"Tesla K40c (0)","1","7","[CUDA memcpy DtoH]"
47104,2.034308,6.624640e-04,,,,,,,,,,3.054752,4.503123,"Tesla K40c (0)","1","7","[CUDA memcpy DtoH]"
48128,2.036652,2.108800e-05,,,,,,,,,,0.183598,8.502205,"Tesla K40c (0)","1","7","[CUDA memcpy HtoD]"
48128,2.036851,5.662720e-04,,,,,,,,,,3.121159,5.382584,"Tesla K40c (0)","1","7","[CUDA memcpy HtoD]"
48128,2.037423,1.085760e-04,1,3008,1,16,16,1,11,1.088000e+03,0.000000,,,"Tesla K40c (0)","1","7","bpnn_layerforward_CUDA(float*, float*, float*, float*, int, int) [105]"
48128,2.037545,2.076800e-05,,,,,,,,,,0.183594,8.633030,"Tesla K40c (0)","1","7","[CUDA memcpy DtoH]"
48128,2.037812,1.120000e-06,,,,,,,,,,6.484985e-05,0.056545,"Tesla K40c (0)","1","7","[CUDA memcpy HtoD]"
48128,2.037972,5.059530e-04,,,,,,,,,,3.121159,6.024288,"Tesla K40c (0)","1","7","[CUDA memcpy HtoD]"
48128,2.038583,4.079360e-04,,,,,,,,,,3.121159,7.471776,"Tesla K40c (0)","1","7","[CUDA memcpy HtoD]"
48128,2.038997,2.551360e-04,1,3008,1,16,16,1,21,0,0.000000,,,"Tesla K40c (0)","1","7","bpnn_adjust_weights_cuda(float*, int, float*, int, float*, float*) [121]"
48128,2.039256,2.086400e-05,,,,,,,,,,0.183598,8.593486,"Tesla K40c (0)","1","7","[CUDA memcpy DtoH]"
48128,2.039315,4.759050e-04,,,,,,,,,,3.121159,6.404653,"Tesla K40c (0)","1","7","[CUDA memcpy DtoH]"
49152,2.021727,2.156800e-05,,,,,,,,,,0.187504,8.489855,"Tesla K40c (0)","1","7","[CUDA memcpy HtoD]"
49152,2.021926,5.852480e-04,,,,,,,,,,3.187565,5.318867,"Tesla K40c (0)","1","7","[CUDA memcpy HtoD]"
49152,2.022517,1.106880e-04,1,3072,1,16,16,1,11,1.088000e+03,0.000000,,,"Tesla K40c (0)","1","7","bpnn_layerforward_CUDA(float*, float*, float*, float*, int, int) [105]"
49152,2.022641,2.121600e-05,,,,,,,,,,0.187500,8.630537,"Tesla K40c (0)","1","7","[CUDA memcpy DtoH]"
49152,2.023002,1.184000e-06,,,,,,,,,,6.484985e-05,0.053488,"Tesla K40c (0)","1","7","[CUDA memcpy HtoD]"
49152,2.023294,5.623040e-04,,,,,,,,,,3.187565,5.535896,"Tesla K40c (0)","1","7","[CUDA memcpy HtoD]"
49152,2.023976,4.747850e-04,,,,,,,,,,3.187565,6.556349,"Tesla K40c (0)","1","7","[CUDA memcpy HtoD]"
49152,2.024456,2.604160e-04,1,3072,1,16,16,1,21,0,0.000000,,,"Tesla K40c (0)","1","7","bpnn_adjust_weights_cuda(float*, int, float*, int, float*, float*) [121]"
49152,2.024719,2.115200e-05,,,,,,,,,,0.187504,8.656826,"Tesla K40c (0)","1","7","[CUDA memcpy DtoH]"
49152,2.024775,4.807680e-04,,,,,,,,,,3.187565,6.474758,"Tesla K40c (0)","1","7","[CUDA memcpy DtoH]"
50176,2.023773,2.195200e-05,,,,,,,,,,0.191410,8.515119,"Tesla K40c (0)","1","7","[CUDA memcpy HtoD]"
50176,2.023968,5.696010e-04,,,,,,,,,,3.253971,5.578828,"Tesla K40c (0)","1","7","[CUDA memcpy HtoD]"
50176,2.024544,1.126720e-04,1,3136,1,16,16,1,11,1.088000e+03,0.000000,,,"Tesla K40c (0)","1","7","bpnn_layerforward_CUDA(float*, float*, float*, float*, int, int) [105]"
50176,2.024667,2.153600e-05,,,,,,,,,,0.191406,8.679428,"Tesla K40c (0)","1","7","[CUDA memcpy DtoH]"
50176,2.024951,1.152000e-06,,,,,,,,,,6.484985e-05,0.054974,"Tesla K40c (0)","1","7","[CUDA memcpy HtoD]"
50176,2.025109,5.229760e-04,,,,,,,,,,3.253971,6.076199,"Tesla K40c (0)","1","7","[CUDA memcpy HtoD]"
50176,2.025742,4.268800e-04,,,,,,,,,,3.253971,7.444027,"Tesla K40c (0)","1","7","[CUDA memcpy HtoD]"
50176,2.026175,2.656960e-04,1,3136,1,16,16,1,21,0,0.000000,,,"Tesla K40c (0)","1","7","bpnn_adjust_weights_cuda(float*, int, float*, int, float*, float*) [121]"
50176,2.026444,2.172900e-05,,,,,,,,,,0.191410,8.602508,"Tesla K40c (0)","1","7","[CUDA memcpy DtoH]"
50176,2.026501,5.088960e-04,,,,,,,,,,3.253971,6.244313,"Tesla K40c (0)","1","7","[CUDA memcpy DtoH]"
51200,2.021045,2.262400e-05,,,,,,,,,,0.195316,8.430807,"Tesla K40c (0)","1","7","[CUDA memcpy HtoD]"
51200,2.021248,6.119050e-04,,,,,,,,,,3.320377,5.299117,"Tesla K40c (0)","1","7","[CUDA memcpy HtoD]"
51200,2.021865,1.156480e-04,1,3200,1,16,16,1,11,1.088000e+03,0.000000,,,"Tesla K40c (0)","1","7","bpnn_layerforward_CUDA(float*, float*, float*, float*, int, int) [105]"
51200,2.021993,2.195200e-05,,,,,,,,,,0.195312,8.688724,"Tesla K40c (0)","1","7","[CUDA memcpy DtoH]"
51200,2.022278,1.152000e-06,,,,,,,,,,6.484985e-05,0.054974,"Tesla K40c (0)","1","7","[CUDA memcpy HtoD]"
51200,2.022451,5.684160e-04,,,,,,,,,,3.320377,5.704547,"Tesla K40c (0)","1","7","[CUDA memcpy HtoD]"
51200,2.023194,5.010560e-04,,,,,,,,,,3.320377,6.471444,"Tesla K40c (0)","1","7","[CUDA memcpy HtoD]"
51200,2.023701,2.710400e-04,1,3200,1,16,16,1,21,0,0.000000,,,"Tesla K40c (0)","1","7","bpnn_adjust_weights_cuda(float*, int, float*, int, float*, float*) [121]"
51200,2.023975,2.246400e-05,,,,,,,,,,0.195316,8.490856,"Tesla K40c (0)","1","7","[CUDA memcpy DtoH]"
51200,2.024042,5.393930e-04,,,,,,,,,,3.320377,6.011491,"Tesla K40c (0)","1","7","[CUDA memcpy DtoH]"
52224,2.022098,2.268800e-05,,,,,,,,,,0.199223,8.575162,"Tesla K40c (0)","1","7","[CUDA memcpy HtoD]"
52224,2.022293,5.968010e-04,,,,,,,,,,3.386784,5.541891,"Tesla K40c (0)","1","7","[CUDA memcpy HtoD]"
52224,2.022896,1.174080e-04,1,3264,1,16,16,1,11,1.088000e+03,0.000000,,,"Tesla K40c (0)","1","7","bpnn_layerforward_CUDA(float*, float*, float*, float*, int, int) [105]"
52224,2.023024,2.233600e-05,,,,,,,,,,0.199219,8.710134,"Tesla K40c (0)","1","7","[CUDA memcpy DtoH]"
52224,2.023354,1.120000e-06,,,,,,,,,,6.484985e-05,0.056545,"Tesla K40c (0)","1","7","[CUDA memcpy HtoD]"
52224,2.023577,5.145280e-04,,,,,,,,,,3.386784,6.428039,"Tesla K40c (0)","1","7","[CUDA memcpy HtoD]"
52224,2.024203,4.526410e-04,,,,,,,,,,3.386784,7.306907,"Tesla K40c (0)","1","7","[CUDA memcpy HtoD]"
52224,2.024662,2.761600e-04,1,3264,1,16,16,1,21,0,0.000000,,,"Tesla K40c (0)","1","7","bpnn_adjust_weights_cuda(float*, int, float*, int, float*, float*) [121]"
52224,2.024941,2.230400e-05,,,,,,,,,,0.199223,8.722798,"Tesla K40c (0)","1","7","[CUDA memcpy DtoH]"
52224,2.024999,5.195850e-04,,,,,,,,,,3.386784,6.365476,"Tesla K40c (0)","1","7","[CUDA memcpy DtoH]"
53248,2.021683,2.310400e-05,,,,,,,,,,0.203129,8.585872,"Tesla K40c (0)","1","7","[CUDA memcpy HtoD]"
53248,2.021879,6.063680e-04,,,,,,,,,,3.453190,5.561401,"Tesla K40c (0)","1","7","[CUDA memcpy HtoD]"
53248,2.022492,1.197770e-04,1,3328,1,16,16,1,11,1.088000e+03,0.000000,,,"Tesla K40c (0)","1","7","bpnn_layerforward_CUDA(float*, float*, float*, float*, int, int) [105]"
53248,2.022623,2.272000e-05,,,,,,,,,,0.203125,8.730821,"Tesla K40c (0)","1","7","[CUDA memcpy DtoH]"
53248,2.022910,1.184000e-06,,,,,,,,,,6.484985e-05,0.053488,"Tesla K40c (0)","1","7","[CUDA memcpy HtoD]"
53248,2.023064,5.476490e-04,,,,,,,,,,3.453190,6.157695,"Tesla K40c (0)","1","7","[CUDA memcpy HtoD]"
53248,2.023774,4.616640e-04,,,,,,,,,,3.453190,7.304567,"Tesla K40c (0)","1","7","[CUDA memcpy HtoD]"
53248,2.024241,2.814080e-04,1,3328,1,16,16,1,21,0,0.000000,,,"Tesla K40c (0)","1","7","bpnn_adjust_weights_cuda(float*, int, float*, int, float*, float*) [121]"
53248,2.024526,2.275200e-05,,,,,,,,,,0.203129,8.718705,"Tesla K40c (0)","1","7","[CUDA memcpy DtoH]"
53248,2.024585,5.283530e-04,,,,,,,,,,3.453190,6.382581,"Tesla K40c (0)","1","7","[CUDA memcpy DtoH]"
54272,2.024409,2.342400e-05,,,,,,,,,,0.207035,8.631433,"Tesla K40c (0)","1","7","[CUDA memcpy HtoD]"
54272,2.024581,5.639360e-04,,,,,,,,,,3.519596,6.094850,"Tesla K40c (0)","1","7","[CUDA memcpy HtoD]"
54272,2.025151,1.214720e-04,1,3392,1,16,16,1,11,1.088000e+03,0.000000,,,"Tesla K40c (0)","1","7","bpnn_layerforward_CUDA(float*, float*, float*, float*, int, int) [105]"
54272,2.025287,2.310400e-05,,,,,,,,,,0.207031,8.750820,"Tesla K40c (0)","1","7","[CUDA memcpy DtoH]"
54272,2.025604,1.152000e-06,,,,,,,,,,6.484985e-05,0.054974,"Tesla K40c (0)","1","7","[CUDA memcpy HtoD]"
54272,2.025749,5.443530e-04,,,,,,,,,,3.519596,6.314112,"Tesla K40c (0)","1","7","[CUDA memcpy HtoD]"
54272,2.026406,4.663680e-04,,,,,,,,,,3.519596,7.369943,"Tesla K40c (0)","1","7","[CUDA memcpy HtoD]"
54272,2.026878,2.872330e-04,1,3392,1,16,16,1,21,0,0.000000,,,"Tesla K40c (0)","1","7","bpnn_adjust_weights_cuda(float*, int, float*, int, float*, float*) [121]"
54272,2.027169,2.310400e-05,,,,,,,,,,0.207035,8.750982,"Tesla K40c (0)","1","7","[CUDA memcpy DtoH]"
54272,2.027244,5.534400e-04,,,,,,,,,,3.519596,6.210439,"Tesla K40c (0)","1","7","[CUDA memcpy DtoH]"
55296,2.018928,2.396800e-05,,,,,,,,,,0.210941,8.594684,"Tesla K40c (0)","1","7","[CUDA memcpy HtoD]"
55296,2.019130,6.481280e-04,,,,,,,,,,3.586002,5.403185,"Tesla K40c (0)","1","7","[CUDA memcpy HtoD]"
55296,2.019784,1.242880e-04,1,3456,1,16,16,1,11,1.088000e+03,0.000000,,,"Tesla K40c (0)","1","7","bpnn_layerforward_CUDA(float*, float*, float*, float*, int, int) [105]"
55296,2.019932,2.956800e-05,,,,,,,,,,0.210938,6.966777,"Tesla K40c (0)","1","7","[CUDA memcpy DtoH]"
55296,2.020311,1.120000e-06,,,,,,,,,,6.484985e-05,0.056545,"Tesla K40c (0)","1","7","[CUDA memcpy HtoD]"
55296,2.020461,5.579200e-04,,,,,,,,,,3.586002,6.276806,"Tesla K40c (0)","1","7","[CUDA memcpy HtoD]"
55296,2.021135,4.855370e-04,,,,,,,,,,3.586002,7.212541,"Tesla K40c (0)","1","7","[CUDA memcpy HtoD]"
55296,2.021627,2.919040e-04,1,3456,1,16,16,1,21,0,0.000000,,,"Tesla K40c (0)","1","7","bpnn_adjust_weights_cuda(float*, int, float*, int, float*, float*) [121]"
55296,2.021922,2.342400e-05,,,,,,,,,,0.210941,8.794287,"Tesla K40c (0)","1","7","[CUDA memcpy DtoH]"
55296,2.021984,5.614080e-04,,,,,,,,,,3.586002,6.237808,"Tesla K40c (0)","1","7","[CUDA memcpy DtoH]"
56320,2.019144,2.422400e-05,,,,,,,,,,0.214848,8.661331,"Tesla K40c (0)","1","7","[CUDA memcpy HtoD]"
56320,2.019344,6.593930e-04,,,,,,,,,,3.652409,5.409225,"Tesla K40c (0)","1","7","[CUDA memcpy HtoD]"
56320,2.020010,1.263040e-04,1,3520,1,16,16,1,11,1.088000e+03,0.000000,,,"Tesla K40c (0)","1","7","bpnn_layerforward_CUDA(float*, float*, float*, float*, int, int) [105]"
56320,2.020148,2.390400e-05,,,,,,,,,,0.214844,8.777123,"Tesla K40c (0)","1","7","[CUDA memcpy DtoH]"
56320,2.020461,1.120000e-06,,,,,,,,,,6.484985e-05,0.056545,"Tesla K40c (0)","1","7","[CUDA memcpy HtoD]"
56320,2.020616,5.768000e-04,,,,,,,,,,3.652409,6.183782,"Tesla K40c (0)","1","7","[CUDA memcpy HtoD]"
56320,2.021309,4.888320e-04,,,,,,,,,,3.652409,7.296587,"Tesla K40c (0)","1","7","[CUDA memcpy HtoD]"
56320,2.021804,2.975040e-04,1,3520,1,16,16,1,21,0,0.000000,,,"Tesla K40c (0)","1","7","bpnn_adjust_weights_cuda(float*, int, float*, int, float*, float*) [121]"
56320,2.022105,2.390400e-05,,,,,,,,,,0.214848,8.777279,"Tesla K40c (0)","1","7","[CUDA memcpy DtoH]"
56320,2.022187,6.410880e-04,,,,,,,,,,3.652409,5.563675,"Tesla K40c (0)","1","7","[CUDA memcpy DtoH]"
57344,2.027760,2.464000e-05,,,,,,,,,,0.218754,8.669918,"Tesla K40c (0)","1","7","[CUDA memcpy HtoD]"
57344,2.027961,6.732480e-04,,,,,,,,,,3.718815,5.394231,"Tesla K40c (0)","1","7","[CUDA memcpy HtoD]"
57344,2.028640,1.288320e-04,1,3584,1,16,16,1,11,1.088000e+03,0.000000,,,"Tesla K40c (0)","1","7","bpnn_layerforward_CUDA(float*, float*, float*, float*, int, int) [105]"
57344,2.028782,2.425600e-05,,,,,,,,,,0.218750,8.807019,"Tesla K40c (0)","1","7","[CUDA memcpy DtoH]"
57344,2.029083,1.152000e-06,,,,,,,,,,6.484985e-05,0.054974,"Tesla K40c (0)","1","7","[CUDA memcpy HtoD]"
57344,2.029230,5.820800e-04,,,,,,,,,,3.718815,6.239100,"Tesla K40c (0)","1","7","[CUDA memcpy HtoD]"
57344,2.029928,5.079050e-04,,,,,,,,,,3.718815,7.150265,"Tesla K40c (0)","1","7","[CUDA memcpy HtoD]"
57344,2.030442,3.026240e-04,1,3584,1,16,16,1,21,0,0.000000,,,"Tesla K40c (0)","1","7","bpnn_adjust_weights_cuda(float*, int, float*, int, float*, float*) [121]"
57344,2.030748,2.425600e-05,,,,,,,,,,0.218754,8.807172,"Tesla K40c (0)","1","7","[CUDA memcpy DtoH]"
57344,2.030810,6.245130e-04,,,,,,,,,,3.718815,5.815179,"Tesla K40c (0)","1","7","[CUDA memcpy DtoH]"
58368,2.024469,2.505600e-05,,,,,,,,,,0.222660,8.678220,"Tesla K40c (0)","1","7","[CUDA memcpy HtoD]"
58368,2.024669,7.111690e-04,,,,,,,,,,3.785221,5.197787,"Tesla K40c (0)","1","7","[CUDA memcpy HtoD]"
58368,2.025386,1.306240e-04,1,3648,1,16,16,1,11,1.088000e+03,0.000000,,,"Tesla K40c (0)","1","7","bpnn_layerforward_CUDA(float*, float*, float*, float*, int, int) [105]"
58368,2.025530,2.464000e-05,,,,,,,,,,0.222656,8.824584,"Tesla K40c (0)","1","7","[CUDA memcpy DtoH]"
58368,2.025830,1.152000e-06,,,,,,,,,,6.484985e-05,0.054974,"Tesla K40c (0)","1","7","[CUDA memcpy HtoD]"
58368,2.025982,6.057610e-04,,,,,,,,,,3.785221,6.102250,"Tesla K40c (0)","1","7","[CUDA memcpy HtoD]"
58368,2.026704,5.217280e-04,,,,,,,,,,3.785221,7.085119,"Tesla K40c (0)","1","7","[CUDA memcpy HtoD]"
58368,2.027232,3.085440e-04,1,3648,1,16,16,1,21,0,0.000000,,,"Tesla K40c (0)","1","7","bpnn_adjust_weights_cuda(float*, int, float*, int, float*, float*) [121]"
58368,2.027544,2.464000e-05,,,,,,,,,,0.222660,8.824735,"Tesla K40c (0)","1","7","[CUDA memcpy DtoH]"
58368,2.027607,6.013770e-04,,,,,,,,,,3.785221,6.146735,"Tesla K40c (0)","1","7","[CUDA memcpy DtoH]"
59392,2.023358,2.534400e-05,,,,,,,,,,0.226566,8.730120,"Tesla K40c (0)","1","7","[CUDA memcpy HtoD]"
59392,2.023549,6.954560e-04,,,,,,,,,,3.851627,5.408473,"Tesla K40c (0)","1","7","[CUDA memcpy HtoD]"
59392,2.024251,1.310080e-04,1,3712,1,16,16,1,11,1.088000e+03,0.000000,,,"Tesla K40c (0)","1","7","bpnn_layerforward_CUDA(float*, float*, float*, float*, int, int) [105]"
59392,2.024395,2.502400e-05,,,,,,,,,,0.226562,8.841610,"Tesla K40c (0)","1","7","[CUDA memcpy DtoH]"
59392,2.024708,1.152000e-06,,,,,,,,,,6.484985e-05,0.054974,"Tesla K40c (0)","1","7","[CUDA memcpy HtoD]"
59392,2.024861,6.273600e-04,,,,,,,,,,3.851627,5.995529,"Tesla K40c (0)","1","7","[CUDA memcpy HtoD]"
59392,2.025605,5.392320e-04,,,,,,,,,,3.851627,6.975392,"Tesla K40c (0)","1","7","[CUDA memcpy HtoD]"
59392,2.026151,3.135360e-04,1,3712,1,16,16,1,21,0,0.000000,,,"Tesla K40c (0)","1","7","bpnn_adjust_weights_cuda(float*, int, float*, int, float*, float*) [121]"
59392,2.026468,2.508800e-05,,,,,,,,,,0.226566,8.819203,"Tesla K40c (0)","1","7","[CUDA memcpy DtoH]"
59392,2.026533,5.972170e-04,,,,,,,,,,3.851627,6.298138,"Tesla K40c (0)","1","7","[CUDA memcpy DtoH]"
60416,2.029507,2.592000e-05,,,,,,,,,,0.230473,8.683290,"Tesla K40c (0)","1","7","[CUDA memcpy HtoD]"
60416,2.029718,7.427840e-04,,,,,,,,,,3.918034,5.151167,"Tesla K40c (0)","1","7","[CUDA memcpy HtoD]"
60416,2.030467,1.351680e-04,1,3776,1,16,16,1,11,1.088000e+03,0.000000,,,"Tesla K40c (0)","1","7","bpnn_layerforward_CUDA(float*, float*, float*, float*, int, int) [105]"
60416,2.030618,2.540800e-05,,,,,,,,,,0.230469,8.858121,"Tesla K40c (0)","1","7","[CUDA memcpy DtoH]"
60416,2.030993,1.248000e-06,,,,,,,,,,6.484985e-05,0.050745,"Tesla K40c (0)","1","7","[CUDA memcpy HtoD]"
60416,2.031150,6.462080e-04,,,,,,,,,,3.918034,5.921011,"Tesla K40c (0)","1","7","[CUDA memcpy HtoD]"
60416,2.031925,5.837440e-04,,,,,,,,,,3.918034,6.554594,"Tesla K40c (0)","1","7","[CUDA memcpy HtoD]"
60416,2.032515,3.191360e-04,1,3776,1,16,16,1,21,0,0.000000,,,"Tesla K40c (0)","1","7","bpnn_adjust_weights_cuda(float*, int, float*, int, float*, float*) [121]"
60416,2.032838,2.569600e-05,,,,,,,,,,0.230473,8.758984,"Tesla K40c (0)","1","7","[CUDA memcpy DtoH]"
60416,2.032908,6.048320e-04,,,,,,,,,,3.918034,6.326062,"Tesla K40c (0)","1","7","[CUDA memcpy DtoH]"
61440,2.023559,2.659200e-05,,,,,,,,,,0.234379,8.607309,"Tesla K40c (0)","1","7","[CUDA memcpy HtoD]"
61440,2.023746,6.832010e-04,,,,,,,,,,3.984440,5.695329,"Tesla K40c (0)","1","7","[CUDA memcpy HtoD]"
61440,2.024436,1.377280e-04,1,3840,1,16,16,1,11,1.088000e+03,0.000000,,,"Tesla K40c (0)","1","7","bpnn_layerforward_CUDA(float*, float*, float*, float*, int, int) [105]"
61440,2.024587,2.524800e-05,,,,,,,,,,0.234375,9.065345,"Tesla K40c (0)","1","7","[CUDA memcpy DtoH]"
61440,2.024936,1.152000e-06,,,,,,,,,,6.484985e-05,0.054974,"Tesla K40c (0)","1","7","[CUDA memcpy HtoD]"
61440,2.025086,8.126410e-04,,,,,,,,,,3.984440,4.788159,"Tesla K40c (0)","1","7","[CUDA memcpy HtoD]"
61440,2.026121,6.706880e-04,,,,,,,,,,3.984440,5.801587,"Tesla K40c (0)","1","7","[CUDA memcpy HtoD]"
61440,2.026798,3.241930e-04,1,3840,1,16,16,1,21,0,0.000000,,,"Tesla K40c (0)","1","7","bpnn_adjust_weights_cuda(float*, int, float*, int, float*, float*) [121]"
61440,2.027126,2.582400e-05,,,,,,,,,,0.234379,8.863288,"Tesla K40c (0)","1","7","[CUDA memcpy DtoH]"
61440,2.027197,6.487680e-04,,,,,,,,,,3.984440,5.997606,"Tesla K40c (0)","1","7","[CUDA memcpy DtoH]"
62464,2.036207,3.155200e-05,,,,,,,,,,0.238285,7.375135,"Tesla K40c (0)","1","7","[CUDA memcpy HtoD]"
62464,2.036450,8.825290e-04,,,,,,,,,,4.050846,4.482464,"Tesla K40c (0)","1","7","[CUDA memcpy HtoD]"
62464,2.037339,1.395200e-04,1,3904,1,16,16,1,11,1.088000e+03,0.000000,,,"Tesla K40c (0)","1","7","bpnn_layerforward_CUDA(float*, float*, float*, float*, int, int) [105]"
62464,2.037497,3.830400e-05,,,,,,,,,,0.238281,6.074993,"Tesla K40c (0)","1","7","[CUDA memcpy DtoH]"
62464,2.038000,1.152000e-06,,,,,,,,,,6.484985e-05,0.054974,"Tesla K40c (0)","1","7","[CUDA memcpy HtoD]"
62464,2.038203,7.659200e-04,,,,,,,,,,4.050846,5.164905,"Tesla K40c (0)","1","7","[CUDA memcpy HtoD]"
62464,2.039157,6.739200e-04,,,,,,,,,,4.050846,5.869991,"Tesla K40c (0)","1","7","[CUDA memcpy HtoD]"
62464,2.039837,3.298240e-04,1,3904,1,16,16,1,21,0,0.000000,,,"Tesla K40c (0)","1","7","bpnn_adjust_weights_cuda(float*, int, float*, int, float*, float*) [121]"
62464,2.040169,2.617600e-05,,,,,,,,,,0.238285,8.889833,"Tesla K40c (0)","1","7","[CUDA memcpy DtoH]"
62464,2.040238,6.438080e-04,,,,,,,,,,4.050846,6.144541,"Tesla K40c (0)","1","7","[CUDA memcpy DtoH]"
63488,2.034880,3.308800e-05,,,,,,,,,,0.242191,7.148058,"Tesla K40c (0)","1","7","[CUDA memcpy HtoD]"
63488,2.035129,7.849290e-04,,,,,,,,,,4.117252,5.122443,"Tesla K40c (0)","1","7","[CUDA memcpy HtoD]"
63488,2.035919,1.422080e-04,1,3968,1,16,16,1,11,1.088000e+03,0.000000,,,"Tesla K40c (0)","1","7","bpnn_layerforward_CUDA(float*, float*, float*, float*, int, int) [105]"
63488,2.036076,2.659200e-05,,,,,,,,,,0.242188,8.894075,"Tesla K40c (0)","1","7","[CUDA memcpy DtoH]"
63488,2.036417,1.120000e-06,,,,,,,,,,6.484985e-05,0.056545,"Tesla K40c (0)","1","7","[CUDA memcpy HtoD]"
63488,2.036603,7.863690e-04,,,,,,,,,,4.117252,5.113063,"Tesla K40c (0)","1","7","[CUDA memcpy HtoD]"
63488,2.037577,7.427850e-04,,,,,,,,,,4.117252,5.413079,"Tesla K40c (0)","1","7","[CUDA memcpy HtoD]"
63488,2.038326,3.348800e-04,1,3968,1,16,16,1,21,0,0.000000,,,"Tesla K40c (0)","1","7","bpnn_adjust_weights_cuda(float*, int, float*, int, float*, float*) [121]"
63488,2.038664,2.662400e-05,,,,,,,,,,0.242191,8.883524,"Tesla K40c (0)","1","7","[CUDA memcpy DtoH]"
63488,2.038753,7.641610e-04,,,,,,,,,,4.117252,5.261659,"Tesla K40c (0)","1","7","[CUDA memcpy DtoH]"
64512,2.026591,2.732800e-05,,,,,,,,,,0.246098,8.794264,"Tesla K40c (0)","1","7","[CUDA memcpy HtoD]"
64512,2.026788,7.637450e-04,,,,,,,,,,4.183659,5.349435,"Tesla K40c (0)","1","7","[CUDA memcpy HtoD]"
64512,2.027558,1.441920e-04,1,4032,1,16,16,1,11,1.088000e+03,0.000000,,,"Tesla K40c (0)","1","7","bpnn_layerforward_CUDA(float*, float*, float*, float*, int, int) [105]"
64512,2.027715,2.697600e-05,,,,,,,,,,0.246094,8.908879,"Tesla K40c (0)","1","7","[CUDA memcpy DtoH]"
64512,2.028040,1.152000e-06,,,,,,,,,,6.484985e-05,0.054974,"Tesla K40c (0)","1","7","[CUDA memcpy HtoD]"
64512,2.028185,6.992650e-04,,,,,,,,,,4.183659,5.842712,"Tesla K40c (0)","1","7","[CUDA memcpy HtoD]"
64512,2.029003,6.026890e-04,,,,,,,,,,4.183659,6.778959,"Tesla K40c (0)","1","7","[CUDA memcpy HtoD]"
64512,2.029611,3.400960e-04,1,4032,1,16,16,1,21,0,0.000000,,,"Tesla K40c (0)","1","7","bpnn_adjust_weights_cuda(float*, int, float*, int, float*, float*) [121]"
64512,2.029955,2.694400e-05,,,,,,,,,,0.246098,8.919598,"Tesla K40c (0)","1","7","[CUDA memcpy DtoH]"
64512,2.030023,6.577610e-04,,,,,,,,,,4.183659,6.211381,"Tesla K40c (0)","1","7","[CUDA memcpy DtoH]"
65536,2.034684,2.800000e-05,,,,,,,,,,0.250004,8.719441,"Tesla K40c (0)","1","7","[CUDA memcpy HtoD]"
65536,2.034902,7.948810e-04,,,,,,,,,,4.250065,5.221478,"Tesla K40c (0)","1","7","[CUDA memcpy HtoD]"
65536,2.035703,1.462400e-04,1,4096,1,16,16,1,11,1.088000e+03,0.000000,,,"Tesla K40c (0)","1","7","bpnn_layerforward_CUDA(float*, float*, float*, float*, int, int) [105]"
65536,2.035863,2.736000e-05,,,,,,,,,,0.250000,8.923268,"Tesla K40c (0)","1","7","[CUDA memcpy DtoH]"
65536,2.036199,1.152000e-06,,,,,,,,,,6.484985e-05,0.054974,"Tesla K40c (0)","1","7","[CUDA memcpy HtoD]"
65536,2.036344,6.653770e-04,,,,,,,,,,4.250065,6.237748,"Tesla K40c (0)","1","7","[CUDA memcpy HtoD]"
65536,2.037132,6.401930e-04,,,,,,,,,,4.250065,6.483129,"Tesla K40c (0)","1","7","[CUDA memcpy HtoD]"
65536,2.037779,3.457280e-04,1,4096,1,16,16,1,21,0,0.000000,,,"Tesla K40c (0)","1","7","bpnn_adjust_weights_cuda(float*, int, float*, int, float*, float*) [121]"
65536,2.038128,2.736000e-05,,,,,,,,,,0.250004,8.923405,"Tesla K40c (0)","1","7","[CUDA memcpy DtoH]"
65536,2.038201,6.866250e-04,,,,,,,,,,4.250065,6.044717,"Tesla K40c (0)","1","7","[CUDA memcpy DtoH]"
